"Trust_in_Government","Political_participation","V48","US_RINC","SEX","AGE","US_INC","Income_Above_50K","Political_Spectrum","residuals"
3,4,"7","No income","Male",59,"40.000-49.999 USD",0,7,1.33601094256692
3,2,"5","12500-14.999 USD","Female",56,"150.000 USD or more per year, before taxes",1,5,-2.05113519106793
4,7,"6","150.000 USD or more per year, before taxes","Female",56,"150.000 USD or more per year, before taxes",1,6,3.22392412931543
2,2,"5","30.000-34.999 USD","Male",34,"75.000-89.999 USD",1,5,-2.2365793177453
2,1,"5","No income","Female",37,"15.000-17.499 USD",0,5,-2.02866357152204
2,3,"5","40.000-49.999 USD","Female",30,"90.000-109.999 USD",1,5,-1.23657931774528
1,1,"10, Right","75.000-89.999 USD","Female",51,"75.000-89.999 USD",1,10,-2.97394747589256
4,0,"5","150.000 USD or more per year, before taxes","Male",46,"150.000 USD or more per year, before taxes",1,5,-3.86569106439059
1,3,"5","20.000-22.499 USD","Male",51,"25.000-29.999 USD",0,5,-0.214107698199384
4,0,"2","6.000-6.999 USD","Female",39,"7.000-7.999 USD",0,2,-2.92662089928539
2,1,"5","30.000-34.999 USD","Female",38,"30.000-34.999 USD",0,5,-2.02866357152204
4,6,"7","90.000-109.999 USD","Male",57,"110.000-129.999 USD",1,7,2.31353932302143
2,8,"0, Left","40.000-49.999 USD","Male",54,"40.000-49.999 USD",0,0,4.5232604599479
3,1,"5","8.000-9.999 USD","Female",38,"60.000-74.999 USD",1,5,-3.05113519106793
2,2,"6","50.000-59.999 USD","Male",30,"50.000-59.999 USD",1,6,-2.14696412403927
4,1,"5","60.000-74.999 USD","Male",59,"90.000-109.999 USD",1,5,-2.86569106439059
4,0,"6","30.000-34.999 USD","Male",32,"35.000-39.999 USD",0,6,-2.56816012446134
3,5,"0, Left","50.000-59.999 USD","Male",29,"75.000-89.999 USD",1,0,0.500788840402
3,3,"5","75.000-89.999 USD","Male",51,"150.000 USD or more per year, before taxes",1,5,-1.05113519106794
2,7,"6","No income","Female",63,"10.000-12499 USD",0,6,4.06095162218397
3,5,"6","90.000-109.999 USD","Female",56,"90.000-109.999 USD",1,6,1.03848000263808
4,2,"5","20.000-22.499 USD","Male",51,"20.000-22.499 USD",0,5,-0.657775318167354
2,6,"3","22.500-24.999 USD","Female",32,"22.500-24.999 USD",0,3,2.79210604106594
4,3,"5","75.000-89.999 USD","Female",47,"90.000-109.999 USD",1,5,-0.865691064390592
4,0,"6","130.000-149.999 USD","Male",34,"150.000 USD or more per year, before taxes",1,6,-3.77607587068458
2,7,"3","130.000-149.999 USD","Male",69,"150.000 USD or more per year, before taxes",1,3,2.5841902948427
2,2,"5","150.000 USD or more per year, before taxes","Female",65,"150.000 USD or more per year, before taxes",1,5,-2.23657931774528
3,4,"5","150.000 USD or more per year, before taxes","Male",57,"150.000 USD or more per year, before taxes",1,5,-0.0511351910679353
4,1,"5","No income","Male",24,"75.000-89.999 USD",1,5,-2.86569106439059
1,1,"6","20.000-22.499 USD","Male",32,"150.000 USD or more per year, before taxes",1,6,-3.33240825071661
3,7,"6","75.000-89.999 USD","Female",51,"90.000-109.999 USD",1,6,3.03848000263808
2,9,"2","110.000-129.999 USD","Female",39,"150.000 USD or more per year, before taxes",1,2,4.49457510113668
1,6,"4","150.000 USD or more per year, before taxes","Female",58,"150.000 USD or more per year, before taxes",1,4,1.48836136187137
5,3,"10, Right","No income","Male",43,"Under 1.000 USD per year, before taxes",0,10,0.975744777040054
2,1,"5","60.000-74.999 USD","Male",41,"90.000-109.999 USD",1,5,-3.23657931774528
3,7,"2","50.000-59.999 USD","Female",27,"130.000-149.999 USD",1,2,2.68001922781403
2,1,"5","40.000-49.999 USD","Female",26,"40.000-49.999 USD",0,5,-2.02866357152204
5,4,"10, Right","No income","Female",28,"12500-14.999 USD",0,10,1.97574477704005
3,9,"0, Left","60.000-74.999 USD","Male",32,"75.000-89.999 USD",1,0,4.500788840402
5,2,"7","25.000-29.999 USD","Female",65,"25.000-29.999 USD",0,7,-0.293100804077984
3,0,"5","25.000-29.999 USD","Female",32,"40.000-49.999 USD",0,5,-2.8432194448447
3,4,"5","50.000-59.999 USD","Female",35,"50.000-59.999 USD",1,5,-0.0511351910679353
3,8,"3","75.000-89.999 USD","Male",44,"130.000-149.999 USD",1,3,3.76963442152004
2,8,"3","No income","Male",41,"8.000-9.999 USD",0,3,4.79210604106593
1,8,"5","No income","Female",68,"25.000-29.999 USD",0,5,4.78589230180062
3,2,"5","25.000-29.999 USD","Female",29,"25.000-29.999 USD",0,5,-0.843219444844697
2,7,"5","110.000-129.999 USD","Male",53,"150.000 USD or more per year, before taxes",1,5,2.76342068225472
1,5,"5","90.000-109.999 USD","Female",54,"90.000-109.999 USD",1,5,0.577976555577378
3,6,"4","75.000-89.999 USD","Female",64,"75.000-89.999 USD",1,4,1.85924961522605
3,4,"4","40.000-49.999 USD","Female",30,"60.000-74.999 USD",1,4,-0.140750384773948
2,4,"8","150.000 USD or more per year, before taxes","Male",61,"150.000 USD or more per year, before taxes",1,8,0.0322662633727601
4,1,"5","75.000-89.999 USD","Male",41,"130.000-149.999 USD",1,5,-2.86569106439059
4,3,"5","75.000-89.999 USD","Female",57,"110.000-129.999 USD",1,5,-0.865691064390592
1,2,"8","50.000-59.999 USD","Male",40,"90.000-109.999 USD",1,8,-2.15317786330458
3,3,"5","20.000-22.499 USD","Male",21,"110.000-129.999 USD",1,5,-1.05113519106794
2,6,"3","No income","Female",45,"110.000-129.999 USD",1,3,1.5841902948427
4,7,"5","50.000-59.999 USD","Female",37,"50.000-59.999 USD",1,5,3.13430893560941
1,6,"5","12500-14.999 USD","Female",74,"50.000-59.999 USD",1,5,1.57797655557738
3,4,"1","No income","Female",81,"15.000-17.499 USD",0,1,0.798319780331252
2,2,"10, Right","25.000-29.999 USD","Male",51,"25.000-29.999 USD",0,10,-0.580587602991976
1,3,"5","30.000-34.999 USD","Male",23,"35.000-39.999 USD",0,5,-0.214107698199384
3,1,"5","No income","Female",82,"10.000-12499 USD",0,5,-1.8432194448447
2,4,"3","No income","Female",50,"150.000 USD or more per year, before taxes",1,3,-0.415809705157304
4,4,"7","No income","Male",83,"30.000-34.999 USD",0,7,1.52145506924467
4,2,"8","No income","Female",84,"60.000-74.999 USD",1,8,-1.59684548327255
2,4,"5","35.000-39.999 USD","Male",55,"60.000-74.999 USD",1,5,-0.236579317745279
1,6,"8","No income","Female",62,"6.000-6.999 USD",0,8,3.05473788291865
1,3,"5","No income","Female",77,"10.000-12499 USD",0,5,-0.214107698199384
1,6,"0, Left","110.000-129.999 USD","Male",46,"110.000-129.999 USD",1,0,1.12990058704731
2,2,"2","50.000-59.999 USD","Male",37,"50.000-59.999 USD",1,2,-2.50542489886332
3,0,"5","No income","Female",27,"35.000-39.999 USD",0,5,-2.8432194448447
2,5,"3","60.000-74.999 USD","Male",48,"60.000-74.999 USD",1,3,0.584190294842695
2,4,"5","40.000-49.999 USD","Male",31,"40.000-49.999 USD",0,5,0.97133642847796
2,1,"5","6.000-6.999 USD","Female",54,"6.000-6.999 USD",0,5,-2.02866357152204
2,2,"6","No income","Female",79,"10.000-12499 USD",0,6,-0.939048377816027
3,2,"5","22.500-24.999 USD","Male",27,"22.500-24.999 USD",0,5,-0.843219444844697
4,5,"7","90.000-109.999 USD","Male",41,"90.000-109.999 USD",1,7,1.31353932302143
2,0,"7","No income","Male",63,"35.000-39.999 USD",0,7,-2.84943318411001
3,3,"3","No income","Female",32,"10.000-12499 USD",0,3,-0.0224498322567226
1,2,"5","No income","Female",34,"8.000-9.999 USD",0,5,-1.21410769819938
2,1,"5","35.000-39.999 USD","Female",34,"35.000-39.999 USD",0,5,-2.02866357152204
4,0,"5","No income","Female",22,"5.000-5.999 USD",0,5,-2.65777531816735
3,0,"5","30.000-34.999 USD","Male",35,"30.000-34.999 USD",0,5,-2.8432194448447
3,0,"5","No income","Female",54,"17.500-19.999 USD",0,5,-2.8432194448447
3,1,"4","7.000-7.999 USD","Female",38,"40.000-49.999 USD",0,4,-1.93283463855071
3,0,"3","No income","Male",19,"10.000-12499 USD",0,3,-3.02244983225672
3,5,"5","150.000 USD or more per year, before taxes","Male",46,"150.000 USD or more per year, before taxes",1,5,0.948864808932065
1,1,"7","No income","Female",68,"25.000-29.999 USD",0,7,-2.03487731078736
2,7,"4","20.000-22.499 USD","Male",69,"150.000 USD or more per year, before taxes",1,4,2.67380548854871
2,7,"1","75.000-89.999 USD","Male",61,"150.000 USD or more per year, before taxes",1,1,2.40495990743067
4,1,"5","No income","Female",78,"8.000-9.999 USD",0,5,-1.65777531816735
2,0,"5","No income","Male",52,"3.000-3.999 USD",0,5,-3.02866357152204
5,5,"2","150.000 USD or more per year, before taxes","Male",69,"150.000 USD or more per year, before taxes",1,2,1.05090748116871
3,3,"0, Left","No income","Male",37,"75.000-89.999 USD",1,0,-1.499211159598
3,3,"3","15.000-17.499 USD","Female",30,"25.000-29.999 USD",0,3,-0.0224498322567226
4,5,"5","60.000-74.999 USD","Female",61,"130.000-149.999 USD",1,5,1.13430893560941
4,0,"7","50.000-59.999 USD","Male",58,"50.000-59.999 USD",1,7,-3.68646067697857
4,1,"10, Right","No income","Male",89,"17.500-19.999 USD",0,10,-1.20969934963729
3,5,"3","No income","Female",21,"10.000-12499 USD",0,3,1.97755016774328
1,6,"5","No income","Female",45,"150.000 USD or more per year, before taxes",1,5,1.57797655557738
1,4,"5","1.000-2.999 USD","Female",50,"60.000-74.999 USD",1,5,-0.422023444422622
3,6,"0, Left","No income","Female",55,"Under 1.000 USD per year, before taxes",0,0,2.70870458662524
4,1,"6","No income","Female",42,"12500-14.999 USD",0,6,-1.56816012446134
3,0,"0, Left","No income","Female",78,"5.000-5.999 USD",0,0,-3.29129541337476
2,6,"8","No income","Male",81,"90.000-109.999 USD",1,8,2.03226626337276
3,4,"5","25.000-29.999 USD","Male",48,"40.000-49.999 USD",0,5,1.1567805551553
4,1,"5","60.000-74.999 USD","Female",48,"60.000-74.999 USD",1,5,-2.86569106439059
4,2,"2","No income","Male",57,"75.000-89.999 USD",1,2,-2.13453664550863
4,3,"5","17.500-19.999 USD","Female",29,"17.500-19.999 USD",0,5,0.342224681832647
2,0,"5","No income","Male",51,"8.000-9.999 USD",0,5,-3.02866357152204
2,4,"4","130.000-149.999 USD","Male",38,"130.000-149.999 USD",1,4,-0.326194511451292
1,7,"8","1.000-2.999 USD","Female",39,"75.000-89.999 USD",1,8,2.84682213669542
2,3,"6","No income","Female",81,"40.000-49.999 USD",0,6,0.0609516221839728
3,5,"8","25.000-29.999 USD","Female",61,"75.000-89.999 USD",1,8,1.2177103900501
3,4,"5","20.000-22.499 USD","Female",31,"40.000-49.999 USD",0,5,1.1567805551553
2,6,"10, Right","No income","Male",61,"50.000-59.999 USD",1,10,2.21149665078479
3,3,"6","No income","Female",39,"50.000-59.999 USD",1,6,-0.961519997361922
2,4,"3","150.000 USD or more per year, before taxes","Male",60,"150.000 USD or more per year, before taxes",1,3,-0.415809705157304
2,2,"5","No income","Female",73,"15.000-17.499 USD",0,5,-1.02866357152204
3,5,"5","75.000-89.999 USD","Female",30,"150.000 USD or more per year, before taxes",1,5,0.948864808932065
2,4,"7","60.000-74.999 USD","Female",46,"60.000-74.999 USD",1,7,-0.0573489303332529
4,0,"2","25.000-29.999 USD","Female",40,"25.000-29.999 USD",0,2,-2.92662089928539
2,1,"5","No income","Female",19,"25.000-29.999 USD",0,5,-2.02866357152204
4,4,"7","20.000-22.499 USD","Female",36,"50.000-59.999 USD",1,7,0.313539323021434
5,2,"8","22.500-24.999 USD","Female",34,"40.000-49.999 USD",0,8,-0.203485610371971
2,4,"5","30.000-34.999 USD","Female",53,"40.000-49.999 USD",0,5,0.97133642847796
4,2,"5","60.000-74.999 USD","Male",41,"60.000-74.999 USD",1,5,-1.86569106439059
2,8,"5","Under 1.000 USD per year, before taxes","Male",35,"Under 1.000 USD per year, before taxes",0,5,4.97133642847796
3,2,"2","No income","Female",23,"10.000-12499 USD",0,2,-1.11206502596274
3,8,"5","3.000-3.999 USD","Female",39,"3.000-3.999 USD",0,5,5.1567805551553
2,6,"5","90.000-109.999 USD","Male",47,"90.000-109.999 USD",1,5,1.76342068225472
3,1,"5","90.000-109.999 USD","Male",38,"130.000-149.999 USD",1,5,-3.05113519106793
3,9,"3","50.000-59.999 USD","Female",42,"130.000-149.999 USD",1,3,4.76963442152004
2,7,"8","10.000-12499 USD","Male",70,"130.000-149.999 USD",1,8,3.03226626337276
3,5,"7","No income","Male",70,"110.000-129.999 USD",1,7,1.12809519634409
2,3,"4","22.500-24.999 USD","Female",53,"90.000-109.999 USD",1,4,-1.32619451145129
1,2,"2","Under 1.000 USD per year, before taxes","Male",28,"Under 1.000 USD per year, before taxes",0,2,-1.48295327931742
1,6,"5","5.000-5.999 USD","Female",35,"5.000-5.999 USD",0,5,2.78589230180062
2,7,"3","10.000-12499 USD","Female",50,"90.000-109.999 USD",1,3,2.5841902948427
3,6,"6","40.000-49.999 USD","Female",30,"75.000-89.999 USD",1,6,2.03848000263808
1,5,"8","150.000 USD or more per year, before taxes","Male",49,"150.000 USD or more per year, before taxes",1,8,0.846822136695417
2,4,"7","130.000-149.999 USD","Female",49,"150.000 USD or more per year, before taxes",1,7,-0.0573489303332529
4,2,"6","150.000 USD or more per year, before taxes","Male",67,"150.000 USD or more per year, before taxes",1,6,-1.77607587068458
2,3,"10, Right","No income","Female",69,"150.000 USD or more per year, before taxes",1,10,-0.788503349215214
4,4,"5","75.000-89.999 USD","Male",65,"75.000-89.999 USD",1,5,0.134308935609408
3,5,"9","90.000-109.999 USD","Male",52,"150.000 USD or more per year, before taxes",1,9,1.30732558375612
4,3,"2","150.000 USD or more per year, before taxes","Male",60,"150.000 USD or more per year, before taxes",1,2,-1.13453664550863
3,1,"4","60.000-74.999 USD","Female",36,"130.000-149.999 USD",1,4,-3.14075038477395
1,0,"10, Right","30.000-34.999 USD","Male",19,"150.000 USD or more per year, before taxes",1,10,-3.97394747589256
3,4,"3","25.000-29.999 USD","Female",57,"75.000-89.999 USD",1,3,-0.230365578479961
3,3,"7","No income","Female",46,"25.000-29.999 USD",0,7,0.336010942567329
2,8,"2","17.500-19.999 USD","Female",70,"25.000-29.999 USD",0,2,4.70249084735992
5,0,"0, Left","30.000-34.999 USD","Male",27,"75.000-89.999 USD",1,0,-4.12832290624331
2,8,"3","Refused","Female",64,"130.000-149.999 USD",1,3,3.5841902948427
2,3,"5","35.000-39.999 USD","Female",41,"35.000-39.999 USD",0,5,-0.0286635715220402
3,3,"5","90.000-109.999 USD","Male",58,"90.000-109.999 USD",1,5,-1.05113519106794
3,8,"0, Left","50.000-59.999 USD","Female",63,"50.000-59.999 USD",1,0,3.500788840402
4,6,"7","150.000 USD or more per year, before taxes","Male",63,"150.000 USD or more per year, before taxes",1,7,2.31353932302143
4,6,"2","90.000-109.999 USD","Female",60,"150.000 USD or more per year, before taxes",1,2,1.86546335449137
3,2,"4","150.000 USD or more per year, before taxes","Male",35,"150.000 USD or more per year, before taxes",1,4,-2.14075038477395
3,2,"5","22.500-24.999 USD","Female",72,"30.000-34.999 USD",0,5,-0.843219444844697
3,5,"5","40.000-49.999 USD","Female",38,"40.000-49.999 USD",0,5,2.1567805551553
4,6,"5","20.000-22.499 USD","Female",37,"90.000-109.999 USD",1,5,2.13430893560941
4,4,"4","50.000-59.999 USD","Female",35,"90.000-109.999 USD",1,4,0.044693741903395
4,2,"0, Left","40.000-49.999 USD","Female",62,"40.000-49.999 USD",0,0,-1.10585128669742
1,4,"8","5.000-5.999 USD","Male",70,"50.000-59.999 USD",1,8,-0.153177863304583
1,6,"8","No income","Male",55,"90.000-109.999 USD",1,8,1.84682213669542
2,0,"5","22.500-24.999 USD","Male",42,"22.500-24.999 USD",0,5,-3.02866357152204
2,1,"5","No income","Female",18,"130.000-149.999 USD",1,5,-3.23657931774528
1,9,"3","150.000 USD or more per year, before taxes","Male",41,"150.000 USD or more per year, before taxes",1,3,4.39874616816535
1,5,"6","150.000 USD or more per year, before taxes","Male",56,"150.000 USD or more per year, before taxes",1,6,0.667591749283391
2,2,"5","10.000-12499 USD","Male",45,"130.000-149.999 USD",1,5,-2.23657931774528
2,5,"4","Under 1.000 USD per year, before taxes","Female",25,"60.000-74.999 USD",1,4,0.673805488548708
1,8,"2","No income","Female",66,"40.000-49.999 USD",0,2,4.51704672068258
2,2,"4","3.000-3.999 USD","Male",36,"75.000-89.999 USD",1,4,-2.32619451145129
2,5,"2","50.000-59.999 USD","Male",65,"60.000-74.999 USD",1,2,0.494575101136682
3,8,"2","50.000-59.999 USD","Male",50,"75.000-89.999 USD",1,2,3.68001922781403
3,7,"6","No income","Male",65,"12500-14.999 USD",0,6,4.24639574886132
2,8,"0, Left","20.000-22.499 USD","Male",32,"60.000-74.999 USD",1,0,3.31534471372466
3,2,"3","15.000-17.499 USD","Female",45,"90.000-109.999 USD",1,3,-2.23036557847996
5,7,"5","10.000-12499 USD","Male",60,"10.000-12499 USD",0,5,4.52766880850999
4,4,"5","No income","Male",38,"3.000-3.999 USD",0,5,1.34222468183265
4,0,"4","No income","Male",75,"10.000-12499 USD",0,4,-2.74739051187337
1,1,"5","No income","Male",75,"50.000-59.999 USD",1,5,-3.42202344442262
2,2,"5","30.000-34.999 USD","Female",24,"130.000-149.999 USD",1,5,-2.23657931774528
4,4,"5","40.000-49.999 USD","Female",55,"75.000-89.999 USD",1,5,0.134308935609408
2,3,"5","No income","Male",70,"150.000 USD or more per year, before taxes",1,5,-1.23657931774528
2,6,"5","35.000-39.999 USD","Female",52,"110.000-129.999 USD",1,5,1.76342068225472
1,2,"5","35.000-39.999 USD","Male",63,"90.000-109.999 USD",1,5,-2.42202344442262
2,4,"5","No income","Male",63,"25.000-29.999 USD",0,5,0.97133642847796
4,9,"7","No income","Male",43,"10.000-12499 USD",0,7,6.52145506924467
2,1,"5","50.000-59.999 USD","Male",31,"60.000-74.999 USD",1,5,-3.23657931774528
3,2,"6","130.000-149.999 USD","Male",59,"130.000-149.999 USD",1,6,-1.96151999736192
2,8,"4","90.000-109.999 USD","Female",47,"150.000 USD or more per year, before taxes",1,4,3.67380548854871
4,5,"1","No income","Female",54,"150.000 USD or more per year, before taxes",1,1,0.775848160785356
3,8,"3","50.000-59.999 USD","Female",57,"90.000-109.999 USD",1,3,3.76963442152004
4,2,"8","No income","Male",69,"75.000-89.999 USD",1,8,-1.59684548327255
4,2,"5","35.000-39.999 USD","Female",65,"60.000-74.999 USD",1,5,-1.86569106439059
1,8,"3","150.000 USD or more per year, before taxes","Male",54,"150.000 USD or more per year, before taxes",1,3,3.39874616816535
3,4,"5","No income","Female",40,"75.000-89.999 USD",1,5,-0.0511351910679353
4,3,"5","30.000-34.999 USD","Female",34,"60.000-74.999 USD",1,5,-0.865691064390592
3,3,"5","4.000-4.999 USD","Female",56,"90.000-109.999 USD",1,5,-1.05113519106794
1,4,"1","30.000-34.999 USD","Female",37,"30.000-34.999 USD",0,1,0.427431526976565
4,2,"5","No income","Male",23,"35.000-39.999 USD",0,5,-0.657775318167354
2,2,"6","40.000-49.999 USD","Male",21,"130.000-149.999 USD",1,6,-2.14696412403927
5,3,"5","50.000-59.999 USD","Male",40,"60.000-74.999 USD",1,5,-0.680246937713249
2,7,"2","110.000-129.999 USD","Male",28,"110.000-129.999 USD",1,2,2.49457510113668
4,9,"3","25.000-29.999 USD","Female",43,"25.000-29.999 USD",0,3,6.16299429442062
2,1,"7","90.000-109.999 USD","Male",29,"90.000-109.999 USD",1,7,-3.05734893033325
2,1,"5","Under 1.000 USD per year, before taxes","Female",33,"60.000-74.999 USD",1,5,-3.23657931774528
4,4,"5","75.000-89.999 USD","Female",42,"75.000-89.999 USD",1,5,0.134308935609408
1,8,"5","No income","Female",71,"90.000-109.999 USD",1,5,3.57797655557738
2,4,"2","20.000-22.499 USD","Male",69,"90.000-109.999 USD",1,2,-0.505424898863317
4,4,"6","8.000-9.999 USD","Female",64,"60.000-74.999 USD",1,6,0.223924129315421
2,7,"7","30.000-34.999 USD","Female",38,"60.000-74.999 USD",1,7,2.94265106966675
4,6,"5","30.000-34.999 USD","Female",49,"50.000-59.999 USD",1,5,2.13430893560941
2,0,"6","75.000-89.999 USD","Male",45,"75.000-89.999 USD",1,6,-4.14696412403926
2,6,"8","17.500-19.999 USD","Female",68,"50.000-59.999 USD",1,8,2.03226626337276
3,4,"7","50.000-59.999 USD","Male",53,"75.000-89.999 USD",1,7,0.12809519634409
2,6,"8","No income","Female",74,"40.000-49.999 USD",0,8,3.240182009596
5,4,"9","No income","Female",44,"150.000 USD or more per year, before taxes",1,9,0.678213837110803
4,9,"5","15.000-17.499 USD","Male",56,"15.000-17.499 USD",0,5,6.34222468183265
3,1,"0, Left","6.000-6.999 USD","Female",31,"6.000-6.999 USD",0,0,-2.29129541337476
2,1,"10, Right","No income","Female",45,"40.000-49.999 USD",0,10,-1.58058760299198
2,2,"6","40.000-49.999 USD","Female",71,"40.000-49.999 USD",0,6,-0.939048377816027
4,1,"6","No income","Female",33,"130.000-149.999 USD",1,6,-2.77607587068458
1,5,"5","No income","Female",72,"75.000-89.999 USD",1,5,0.577976555577378
4,3,"6","25.000-29.999 USD","Female",58,"35.000-39.999 USD",0,6,0.431839875538659
3,1,"6","60.000-74.999 USD","Female",54,"90.000-109.999 USD",1,6,-2.96151999736192
2,0,"1","3.000-3.999 USD","Male",47,"22.500-24.999 USD",0,1,-3.38712434634609
2,2,"5","15.000-17.499 USD","Female",42,"15.000-17.499 USD",0,5,-1.02866357152204
2,2,"7","No income","Male",66,"60.000-74.999 USD",1,7,-2.05734893033325
2,5,"5","40.000-49.999 USD","Female",55,"75.000-89.999 USD",1,5,0.763420682254721
2,4,"5","No income","Male",74,"130.000-149.999 USD",1,5,-0.236579317745279
2,4,"5","No income","Female",76,"4.000-4.999 USD",0,5,0.97133642847796
4,3,"6","No income","Male",66,"60.000-74.999 USD",1,6,-0.776075870684579
1,3,"5","30.000-34.999 USD","Female",53,"60.000-74.999 USD",1,5,-1.42202344442262
1,7,"5","35.000-39.999 USD","Male",47,"50.000-59.999 USD",1,5,2.57797655557738
1,3,"5","No income","Female",55,"110.000-129.999 USD",1,5,-1.42202344442262
2,3,"5","50.000-59.999 USD","Male",29,"90.000-109.999 USD",1,5,-1.23657931774528
2,3,"2","60.000-74.999 USD","Male",36,"150.000 USD or more per year, before taxes",1,2,-1.50542489886332
1,3,"8","75.000-89.999 USD","Female",44,"150.000 USD or more per year, before taxes",1,8,-1.15317786330458
3,2,"5","No income","Male",40,"60.000-74.999 USD",1,5,-2.05113519106794
2,0,"0, Left","22.500-24.999 USD","Female",47,"22.500-24.999 USD",0,0,-3.4767395400521
2,5,"6","No income","Male",69,"90.000-109.999 USD",1,6,0.853035875960734
2,3,"5","50.000-59.999 USD","Female",61,"90.000-109.999 USD",1,5,-1.23657931774528
3,9,"2","40.000-49.999 USD","Male",41,"40.000-49.999 USD",0,2,5.88793497403726
2,7,"3","50.000-59.999 USD","Male",35,"50.000-59.999 USD",1,3,2.5841902948427
2,3,"5","No income","Female",67,"15.000-17.499 USD",0,5,-0.0286635715220402
2,6,"8","6.000-6.999 USD","Male",30,"6.000-6.999 USD",0,8,3.240182009596
4,5,"4","No income","Female",63,"10.000-12499 USD",0,4,2.25260948812663
2,5,"8","10.000-12499 USD","Female",26,"10.000-12499 USD",0,8,2.240182009596
2,3,"5","Under 1.000 USD per year, before taxes","Male",32,"8.000-9.999 USD",0,5,-0.0286635715220402
2,2,"5","No income","Female",50,"8.000-9.999 USD",0,5,-1.02866357152204
3,0,"5","No income","Female",48,"90.000-109.999 USD",1,5,-4.05113519106794
2,5,"6","75.000-89.999 USD","Male",53,"150.000 USD or more per year, before taxes",1,6,0.853035875960734
1,0,"5","No income","Female",31,"1.000-2.999 USD",0,5,-3.21410769819938
2,4,"5","60.000-74.999 USD","Female",37,"60.000-74.999 USD",1,5,-0.236579317745279
1,6,"0, Left","35.000-39.999 USD","Female",40,"35.000-39.999 USD",0,0,2.33781633327055
2,4,"5","12500-14.999 USD","Female",25,"30.000-34.999 USD",0,5,0.97133642847796
3,2,"9","60.000-74.999 USD","Male",61,"90.000-109.999 USD",1,9,-1.69267441624388
2,6,"5","50.000-59.999 USD","Male",57,"150.000 USD or more per year, before taxes",1,5,1.76342068225472
4,2,"10, Right","12500-14.999 USD","Female",24,"12500-14.999 USD",0,10,-0.209699349637289
2,4,"5","15.000-17.499 USD","Female",61,"50.000-59.999 USD",1,5,-0.236579317745279
2,2,"4","40.000-49.999 USD","Male",54,"40.000-49.999 USD",0,4,-1.11827876522805
1,1,"5","20.000-22.499 USD","Female",24,"40.000-49.999 USD",0,5,-2.21410769819938
4,6,"5","6.000-6.999 USD","Female",27,"8.000-9.999 USD",0,5,3.34222468183265
2,8,"6","40.000-49.999 USD","Male",36,"60.000-74.999 USD",1,6,3.85303587596073
3,5,"6","60.000-74.999 USD","Female",59,"60.000-74.999 USD",1,6,1.03848000263808
2,1,"5","5.000-5.999 USD","Male",41,"5.000-5.999 USD",0,5,-2.02866357152204
2,4,"8","75.000-89.999 USD","Female",36,"90.000-109.999 USD",1,8,0.0322662633727601
1,3,"6","Refused","Male",39,"75.000-89.999 USD",1,6,-1.33240825071661
2,0,"5","No income","Male",25,"50.000-59.999 USD",1,5,-4.23657931774528
3,3,"0, Left","40.000-49.999 USD","Male",32,"40.000-49.999 USD",0,0,-0.291295413374761
2,3,"8","Under 1.000 USD per year, before taxes","Female",61,"30.000-34.999 USD",0,8,0.240182009595998
1,4,"8","No income","Female",36,"22.500-24.999 USD",0,8,1.05473788291866
1,3,"5","22.500-24.999 USD","Female",26,"130.000-149.999 USD",1,5,-1.42202344442262
1,5,"9","50.000-59.999 USD","Female",33,"130.000-149.999 USD",1,9,0.93643733040143
1,6,"9","75.000-89.999 USD","Male",27,"110.000-129.999 USD",1,9,1.93643733040143
4,6,"5","60.000-74.999 USD","Female",34,"60.000-74.999 USD",1,5,2.13430893560941
3,1,"8","No income","Female",70,"10.000-12499 USD",0,8,-1.57437386372666
3,0,"0, Left","10.000-12499 USD","Female",24,"17.500-19.999 USD",0,0,-3.29129541337476
4,2,"6","40.000-49.999 USD","Male",57,"40.000-49.999 USD",0,6,-0.568160124461341
2,3,"10, Right","No income","Male",76,"35.000-39.999 USD",0,10,0.419412397008024
4,1,"7","8.000-9.999 USD","Male",50,"22.500-24.999 USD",0,7,-1.47854493075533
4,4,"5","No income","Male",76,"25.000-29.999 USD",0,5,1.34222468183265
2,3,"5","10.000-12499 USD","Male",21,"30.000-34.999 USD",0,5,-0.0286635715220402
2,7,"4","No income","Female",59,"60.000-74.999 USD",1,4,2.67380548854871
4,0,"5","25.000-29.999 USD","Male",37,"25.000-29.999 USD",0,5,-2.65777531816735
3,0,"8","No income","Female",26,"60.000-74.999 USD",1,8,-3.7822896099499
2,3,"6","50.000-59.999 USD","Female",53,"60.000-74.999 USD",1,6,-1.14696412403927
3,6,"5","30.000-34.999 USD","Male",45,"50.000-59.999 USD",1,5,1.94886480893207
2,7,"8","130.000-149.999 USD","Male",50,"150.000 USD or more per year, before taxes",1,8,3.03226626337276
1,3,"10, Right","No income","Female",52,"60.000-74.999 USD",1,10,-0.973947475892558
3,5,"5","30.000-34.999 USD","Female",48,"75.000-89.999 USD",1,5,0.948864808932065
3,2,"10, Right","30.000-34.999 USD","Female",32,"30.000-34.999 USD",0,10,-0.395143476314632
2,1,"7","60.000-74.999 USD","Female",48,"90.000-109.999 USD",1,7,-3.05734893033325
2,1,"10, Right","12500-14.999 USD","Male",53,"17.500-19.999 USD",0,10,-1.58058760299198
4,4,"10, Right","No income","Male",55,"10.000-12499 USD",0,10,1.79030065036271
2,8,"7","35.000-39.999 USD","Female",39,"40.000-49.999 USD",0,7,5.15056681588999
5,1,"10, Right","No income","Female",72,"10.000-12499 USD",0,10,-1.02425522295995
3,0,"5","No income","Female",75,"8.000-9.999 USD",0,5,-2.8432194448447
4,0,"10, Right","30.000-34.999 USD","Male",47,"30.000-34.999 USD",0,10,-2.20969934963729
3,2,"9","No income","Female",48,"30.000-34.999 USD",0,9,-0.484758670020645
4,2,"4","90.000-109.999 USD","Male",40,"90.000-109.999 USD",1,4,-1.9553062580966
1,3,"4","No income","Female",68,"150.000 USD or more per year, before taxes",1,4,-1.51163863812863
1,3,"7","No income","Female",18,"Under 1.000 USD per year, before taxes",0,7,-0.0348773107873578
3,1,"5","30.000-34.999 USD","Male",33,"30.000-34.999 USD",0,5,-1.8432194448447
2,4,"8","150.000 USD or more per year, before taxes","Male",42,"150.000 USD or more per year, before taxes",1,8,0.0322662633727601
4,4,"5","40.000-49.999 USD","Female",60,"150.000 USD or more per year, before taxes",1,5,0.134308935609408
4,3,"1","Under 1.000 USD per year, before taxes","Male",66,"50.000-59.999 USD",1,1,-1.22415183921464
2,4,"7","No income","Female",58,"25.000-29.999 USD",0,7,1.15056681588999
2,4,"5","50.000-59.999 USD","Male",49,"50.000-59.999 USD",1,5,-0.236579317745279
2,7,"5","No income","Male",73,"7.000-7.999 USD",0,5,3.97133642847796
5,2,"5","No income","Female",56,"6.000-6.999 USD",0,5,-0.47233119149001
5,5,"7","5.000-5.999 USD","Male",26,"10.000-12499 USD",0,7,2.70689919592202
3,3,"5","35.000-39.999 USD","Female",26,"60.000-74.999 USD",1,5,-1.05113519106794
3,5,"5","No income","Male",20,"7.000-7.999 USD",0,5,2.1567805551553
3,6,"7","110.000-129.999 USD","Male",53,"130.000-149.999 USD",1,7,2.12809519634409
3,2,"7","90.000-109.999 USD","Male",37,"90.000-109.999 USD",1,7,-1.87190480365591
4,5,"7","No income","Female",25,"1.000-2.999 USD",0,7,2.52145506924467
4,0,"10, Right","35.000-39.999 USD","Male",54,"35.000-39.999 USD",0,10,-2.20969934963729
3,6,"3","No income","Female",37,"20.000-22.499 USD",0,3,2.97755016774328
3,2,"10, Right","1.000-2.999 USD","Male",22,"10.000-12499 USD",0,10,-0.395143476314632
2,3,"4","12500-14.999 USD","Female",56,"30.000-34.999 USD",0,4,-0.118278765228053
2,2,"5","6.000-6.999 USD","Male",27,"20.000-22.499 USD",0,5,-1.02866357152204
2,2,"5","No income","Female",53,"8.000-9.999 USD",0,5,-1.02866357152204
2,4,"5","50.000-59.999 USD","Female",36,"50.000-59.999 USD",1,5,-0.236579317745279
1,3,"5","No income","Male",62,"30.000-34.999 USD",0,5,-0.214107698199384
2,4,"7","20.000-22.499 USD","Female",23,"20.000-22.499 USD",0,7,1.15056681588999
2,0,"5","25.000-29.999 USD","Female",19,"75.000-89.999 USD",1,5,-4.23657931774528
3,4,"4","110.000-129.999 USD","Female",40,"150.000 USD or more per year, before taxes",1,4,-0.140750384773948
1,6,"3","No income","Female",73,"1.000-2.999 USD",0,3,2.60666191438859
1,1,"5","No income","Male",89,"75.000-89.999 USD",1,5,-3.42202344442262
1,7,"5","30.000-34.999 USD","Female",67,"90.000-109.999 USD",1,5,2.57797655557738
4,3,"3","75.000-89.999 USD","Female",61,"110.000-129.999 USD",1,3,-1.04492145180262
3,7,"2","No income","Female",39,"150.000 USD or more per year, before taxes",1,2,2.68001922781403
3,2,"5","No income","Female",76,"15.000-17.499 USD",0,5,-0.843219444844697
3,1,"5","No income","Female",59,"12500-14.999 USD",0,5,-1.8432194448447
3,5,"5","50.000-59.999 USD","Female",34,"50.000-59.999 USD",1,5,0.948864808932065
2,6,"3","35.000-39.999 USD","Female",60,"40.000-49.999 USD",0,3,2.79210604106594
2,4,"5","15.000-17.499 USD","Male",31,"25.000-29.999 USD",0,5,0.97133642847796
2,4,"10, Right","Refused","Male",73,"12500-14.999 USD",0,10,1.41941239700802
2,2,"7","40.000-49.999 USD","Male",58,"75.000-89.999 USD",1,7,-2.05734893033325
4,1,"10, Right","No income","Female",51,"60.000-74.999 USD",1,10,-2.41761509586053
1,5,"7","No income","Female",54,"35.000-39.999 USD",0,7,1.96512268921264
3,9,"7","60.000-74.999 USD","Male",52,"130.000-149.999 USD",1,7,5.12809519634409
2,1,"5","110.000-129.999 USD","Male",42,"110.000-129.999 USD",1,5,-3.23657931774528
2,2,"5","25.000-29.999 USD","Male",58,"40.000-49.999 USD",0,5,-1.02866357152204
2,1,"5","No income","Female",38,"25.000-29.999 USD",0,5,-2.02866357152204
2,3,"5","35.000-39.999 USD","Female",40,"60.000-74.999 USD",1,5,-1.23657931774528
2,4,"4","40.000-49.999 USD","Male",31,"40.000-49.999 USD",0,4,0.881721234771947
4,1,"5","50.000-59.999 USD","Female",56,"50.000-59.999 USD",1,5,-2.86569106439059
3,5,"5","40.000-49.999 USD","Male",34,"90.000-109.999 USD",1,5,0.948864808932065
4,1,"5","No income","Male",68,"10.000-12499 USD",0,5,-1.65777531816735
3,2,"5","No income","Female",71,"7.000-7.999 USD",0,5,-0.843219444844697
4,6,"8","60.000-74.999 USD","Female",30,"60.000-74.999 USD",1,8,2.40315451672745
3,8,"8","90.000-109.999 USD","Male",60,"150.000 USD or more per year, before taxes",1,8,4.2177103900501
4,5,"6","25.000-29.999 USD","Male",37,"25.000-29.999 USD",0,6,2.43183987553866
2,5,"7","50.000-59.999 USD","Male",25,"50.000-59.999 USD",1,7,0.942651069666747
2,2,"5","Refused","Male",19,"60.000-74.999 USD",1,5,-2.23657931774528
3,2,"7","20.000-22.499 USD","Female",38,"40.000-49.999 USD",0,7,-0.663989057432671
3,4,"5","50.000-59.999 USD","Female",41,"50.000-59.999 USD",1,5,-0.0511351910679353
3,4,"5","20.000-22.499 USD","Male",34,"20.000-22.499 USD",0,5,1.1567805551553
1,1,"7","40.000-49.999 USD","Male",39,"40.000-49.999 USD",0,7,-2.03487731078736
1,6,"5","10.000-12499 USD","Female",27,"15.000-17.499 USD",0,5,2.78589230180062
1,4,"8","35.000-39.999 USD","Female",59,"35.000-39.999 USD",0,8,1.05473788291866
4,2,"5","40.000-49.999 USD","Female",32,"60.000-74.999 USD",1,5,-1.86569106439059
3,0,"4","3.000-3.999 USD","Female",44,"17.500-19.999 USD",0,4,-2.93283463855071
3,1,"5","5.000-5.999 USD","Male",44,"5.000-5.999 USD",0,5,-1.8432194448447
2,4,"5","No income","Female",25,"5.000-5.999 USD",0,5,0.97133642847796
3,6,"8","30.000-34.999 USD","Female",58,"40.000-49.999 USD",0,8,3.42562613627334
1,5,"6","90.000-109.999 USD","Female",38,"150.000 USD or more per year, before taxes",1,6,0.667591749283391
3,6,"8","90.000-109.999 USD","Male",53,"130.000-149.999 USD",1,8,2.2177103900501
2,6,"8","40.000-49.999 USD","Female",42,"110.000-129.999 USD",1,8,2.03226626337276
4,4,"5","22.500-24.999 USD","Male",60,"60.000-74.999 USD",1,5,0.134308935609408
4,2,"7","No income","Female",38,"35.000-39.999 USD",0,7,-0.478544930755328
2,2,"5","No income","Male",39,"150.000 USD or more per year, before taxes",1,5,-2.23657931774528
2,2,"5","30.000-34.999 USD","Female",38,"60.000-74.999 USD",1,5,-2.23657931774528
3,7,"5","No income","Male",59,"90.000-109.999 USD",1,5,2.94886480893207
3,0,"4","35.000-39.999 USD","Male",37,"35.000-39.999 USD",0,4,-2.93283463855071
2,2,"6","60.000-74.999 USD","Male",53,"75.000-89.999 USD",1,6,-2.14696412403927
2,0,"5","No income","Female",27,"22.500-24.999 USD",0,5,-3.02866357152204
4,7,"5","No income","Female",71,"60.000-74.999 USD",1,5,3.13430893560941
4,1,"5","30.000-34.999 USD","Female",40,"30.000-34.999 USD",0,5,-1.65777531816735
4,8,"2","60.000-74.999 USD","Male",53,"60.000-74.999 USD",1,2,3.86546335449137
1,2,"7","Under 1.000 USD per year, before taxes","Male",59,"150.000 USD or more per year, before taxes",1,7,-2.2427930570106
2,0,"6","15.000-17.499 USD","Male",40,"50.000-59.999 USD",1,6,-4.14696412403926
3,4,"3","No income","Female",70,"60.000-74.999 USD",1,3,-0.230365578479961
1,3,"2","No income","Female",27,"22.500-24.999 USD",0,2,-0.482953279317422
2,7,"6","7.000-7.999 USD","Male",64,"90.000-109.999 USD",1,6,2.85303587596073
4,4,"5","110.000-129.999 USD","Male",42,"110.000-129.999 USD",1,5,0.134308935609408
2,3,"4","No income","Male",84,"35.000-39.999 USD",0,4,-0.118278765228053
2,3,"6","No income","Male",18,"150.000 USD or more per year, before taxes",1,6,-1.14696412403927
2,7,"4","6.000-6.999 USD","Male",54,"6.000-6.999 USD",0,4,3.88172123477195
2,5,"10, Right","150.000 USD or more per year, before taxes","Male",62,"150.000 USD or more per year, before taxes",1,10,1.21149665078479
4,4,"5","60.000-74.999 USD","Female",50,"60.000-74.999 USD",1,5,0.134308935609408
2,4,"6","3.000-3.999 USD","Female",23,"110.000-129.999 USD",1,6,-0.146964124039266
2,2,"9","35.000-39.999 USD","Female",68,"60.000-74.999 USD",1,9,-1.87811854292123
2,0,"8","No income","Female",89,"15.000-17.499 USD",0,8,-2.759817990404
1,6,"7","75.000-89.999 USD","Male",55,"150.000 USD or more per year, before taxes",1,7,1.7572069429894
4,3,"5","4.000-4.999 USD","Female",75,"30.000-34.999 USD",0,5,0.342224681832647
4,5,"5","25.000-29.999 USD","Female",53,"30.000-34.999 USD",0,5,2.34222468183265
4,1,"9","12500-14.999 USD","Female",56,"12500-14.999 USD",0,9,-1.2993145433433
1,3,"7","50.000-59.999 USD","Male",35,"50.000-59.999 USD",1,7,-1.2427930570106
2,1,"5","5.000-5.999 USD","Male",21,"12500-14.999 USD",0,5,-2.02866357152204
1,4,"5","3.000-3.999 USD","Female",22,"15.000-17.499 USD",0,5,0.785892301800617
3,2,"5","20.000-22.499 USD","Female",33,"75.000-89.999 USD",1,5,-2.05113519106794
2,0,"3","22.500-24.999 USD","Male",36,"22.500-24.999 USD",0,3,-3.20789395893406
1,4,"5","75.000-89.999 USD","Male",44,"75.000-89.999 USD",1,5,-0.422023444422622
1,7,"5","No income","Female",62,"17.500-19.999 USD",0,5,3.78589230180062
5,1,"5","No income","Female",59,"22.500-24.999 USD",0,5,-1.47233119149001
3,7,"4","150.000 USD or more per year, before taxes","Male",60,"150.000 USD or more per year, before taxes",1,4,2.85924961522605
2,2,"5","No income","Male",60,"20.000-22.499 USD",0,5,-1.02866357152204
1,3,"8","50.000-59.999 USD","Female",55,"130.000-149.999 USD",1,8,-1.15317786330458
2,3,"5","20.000-22.499 USD","Female",54,"40.000-49.999 USD",0,5,-0.0286635715220402
2,5,"8","No income","Male",67,"130.000-149.999 USD",1,8,1.03226626337276
4,7,"5","90.000-109.999 USD","Male",62,"110.000-129.999 USD",1,5,3.13430893560941
2,4,"6","No income","Female",83,"40.000-49.999 USD",0,6,1.06095162218397
2,3,"4","90.000-109.999 USD","Female",41,"130.000-149.999 USD",1,4,-1.32619451145129
4,1,"4","Refused","Male",26,"90.000-109.999 USD",1,4,-2.9553062580966
3,4,"5","30.000-34.999 USD","Male",60,"30.000-34.999 USD",0,5,1.1567805551553
3,0,"5","1.000-2.999 USD","Male",30,"22.500-24.999 USD",0,5,-2.8432194448447
3,3,"9","No income","Female",72,"50.000-59.999 USD",1,9,-0.692674416243884
2,2,"0, Left","40.000-49.999 USD","Male",46,"40.000-49.999 USD",0,0,-1.4767395400521
2,1,"10, Right","130.000-149.999 USD","Female",51,"130.000-149.999 USD",1,10,-2.78850334921521
3,1,"5","50.000-59.999 USD","Female",42,"50.000-59.999 USD",1,5,-3.05113519106793
2,2,"10, Right","No income","Male",66,"15.000-17.499 USD",0,10,-0.580587602991976
2,8,"0, Left","1.000-2.999 USD","Female",25,"20.000-22.499 USD",0,0,4.5232604599479
2,5,"5","25.000-29.999 USD","Female",25,"50.000-59.999 USD",1,5,0.763420682254721
1,0,"10, Right","No income","Female",78,"22.500-24.999 USD",0,10,-2.76603172966932
2,2,"8","6.000-6.999 USD","Male",21,"90.000-109.999 USD",1,8,-1.96773373662724
4,0,"5","No income","Female",29,"10.000-12499 USD",0,5,-2.65777531816735
2,1,"4","No income","Male",58,"17.500-19.999 USD",0,4,-2.11827876522805
1,3,"5","No income","Male",65,"110.000-129.999 USD",1,5,-1.42202344442262
4,6,"5","25.000-29.999 USD","Male",62,"40.000-49.999 USD",0,5,3.34222468183265
2,1,"10, Right","No income","Female",76,"75.000-89.999 USD",1,10,-2.78850334921521
1,4,"10, Right","75.000-89.999 USD","Male",37,"75.000-89.999 USD",1,10,0.0260525241074425
2,4,"1","No income","Female",89,"50.000-59.999 USD",1,1,-0.59504009256933
3,3,"8","60.000-74.999 USD","Male",45,"60.000-74.999 USD",1,8,-0.782289609949897
1,2,"5","No income","Male",78,"50.000-59.999 USD",1,5,-2.42202344442262
1,4,"8","20.000-22.499 USD","Male",32,"35.000-39.999 USD",0,8,1.05473788291866
2,2,"5","No income","Female",27,"60.000-74.999 USD",1,5,-2.23657931774528
5,0,"5","25.000-29.999 USD","Male",38,"25.000-29.999 USD",0,5,-2.47233119149001
2,5,"2","50.000-59.999 USD","Male",34,"50.000-59.999 USD",1,2,0.494575101136682
1,8,"6","No income","Male",64,"90.000-109.999 USD",1,6,3.66759174928339
1,3,"6","No income","Female",26,"75.000-89.999 USD",1,6,-1.33240825071661
2,5,"5","No income","Female",39,"25.000-29.999 USD",0,5,1.97133642847796
3,3,"5","25.000-29.999 USD","Male",28,"30.000-34.999 USD",0,5,0.156780555155303
1,8,"6","75.000-89.999 USD","Female",39,"75.000-89.999 USD",1,6,3.66759174928339
4,4,"5","4.000-4.999 USD","Male",64,"75.000-89.999 USD",1,5,0.134308935609408
3,3,"4","60.000-74.999 USD","Female",33,"60.000-74.999 USD",1,4,-1.14075038477395
3,1,"2","50.000-59.999 USD","Female",43,"50.000-59.999 USD",1,2,-3.31998077218597
3,6,"2","12500-14.999 USD","Male",51,"12500-14.999 USD",0,2,2.88793497403726
1,2,"5","30.000-34.999 USD","Female",50,"50.000-59.999 USD",1,5,-2.42202344442262
3,1,"5","8.000-9.999 USD","Female",28,"8.000-9.999 USD",0,5,-1.8432194448447
3,8,"5","30.000-34.999 USD","Male",56,"75.000-89.999 USD",1,5,3.94886480893206
2,5,"9","60.000-74.999 USD","Male",48,"60.000-74.999 USD",1,9,1.12188145707877
2,7,"4","22.500-24.999 USD","Male",48,"25.000-29.999 USD",0,4,3.88172123477195
2,3,"5","No income","Male",38,"12500-14.999 USD",0,5,-0.0286635715220402
4,6,"3","40.000-49.999 USD","Male",49,"40.000-49.999 USD",0,3,3.16299429442062
2,3,"5","No income","Female",57,"90.000-109.999 USD",1,5,-1.23657931774528
1,2,"3","No income","Male",26,"60.000-74.999 USD",1,3,-2.60125383183465
1,5,"10, Right","20.000-22.499 USD","Female",42,"60.000-74.999 USD",1,10,1.02605252410744
3,0,"5","60.000-74.999 USD","Male",35,"60.000-74.999 USD",1,5,-4.05113519106794
4,5,"5","No income","Male",63,"17.500-19.999 USD",0,5,2.34222468183265
2,3,"5","17.500-19.999 USD","Male",51,"17.500-19.999 USD",0,5,-0.0286635715220402
2,2,"5","No income","Male",50,"12500-14.999 USD",0,5,-1.02866357152204
3,2,"5","No income","Male",45,"8.000-9.999 USD",0,5,-0.843219444844697
3,1,"5","1.000-2.999 USD","Male",51,"6.000-6.999 USD",0,5,-1.8432194448447
2,3,"4","60.000-74.999 USD","Male",52,"60.000-74.999 USD",1,4,-1.32619451145129
3,3,"3","17.500-19.999 USD","Female",52,"35.000-39.999 USD",0,3,-0.0224498322567226
3,0,"5","No income","Female",25,"20.000-22.499 USD",0,5,-2.8432194448447
3,0,"0, Left","17.500-19.999 USD","Female",39,"40.000-49.999 USD",0,0,-3.29129541337476
2,3,"0, Left","25.000-29.999 USD","Female",25,"25.000-29.999 USD",0,0,-0.476739540052105
2,0,"4","No income","Female",22,"5.000-5.999 USD",0,4,-3.11827876522805
2,9,"1","30.000-34.999 USD","Male",60,"30.000-34.999 USD",0,1,5.61287565365391
2,2,"0, Left","No income","Female",26,"1.000-2.999 USD",0,0,-1.4767395400521
4,0,"0, Left","No income","Female",70,"10.000-12499 USD",0,0,-3.10585128669742
4,1,"5","No income","Male",67,"5.000-5.999 USD",0,5,-1.65777531816735
3,7,"1","150.000 USD or more per year, before taxes","Male",63,"150.000 USD or more per year, before taxes",1,1,2.59040403410801
2,1,"0, Left","No income","Female",49,"90.000-109.999 USD",1,0,-3.68465528627534
2,9,"1","75.000-89.999 USD","Male",53,"150.000 USD or more per year, before taxes",1,1,4.40495990743067
1,5,"5","30.000-34.999 USD","Male",60,"30.000-34.999 USD",0,5,1.78589230180062
2,6,"0, Left","30.000-34.999 USD","Male",57,"30.000-34.999 USD",0,0,2.5232604599479
2,2,"7","No income","Female",64,"50.000-59.999 USD",1,7,-2.05734893033325
4,3,"0, Left","3.000-3.999 USD","Female",21,"3.000-3.999 USD",0,0,-0.105851286697418
1,5,"10, Right","No income","Male",76,"30.000-34.999 USD",0,10,2.23396827033068
3,8,"3","No income","Female",79,"75.000-89.999 USD",1,3,3.76963442152004
3,3,"5","No income","Female",32,"25.000-29.999 USD",0,5,0.156780555155303
3,6,"2","10.000-12499 USD","Female",22,"60.000-74.999 USD",1,2,1.68001922781403
2,5,"6","75.000-89.999 USD","Male",47,"150.000 USD or more per year, before taxes",1,6,0.853035875960734
2,6,"5","75.000-89.999 USD","Male",45,"75.000-89.999 USD",1,5,1.76342068225472
4,3,"5","17.500-19.999 USD","Male",37,"50.000-59.999 USD",1,5,-0.865691064390592
2,8,"5","110.000-129.999 USD","Female",40,"110.000-129.999 USD",1,5,3.76342068225472
5,0,"5","20.000-22.499 USD","Female",26,"20.000-22.499 USD",0,5,-2.47233119149001
3,6,"4","No income","Male",78,"75.000-89.999 USD",1,4,1.85924961522605
2,7,"5","30.000-34.999 USD","Female",55,"60.000-74.999 USD",1,5,2.76342068225472
3,4,"8","75.000-89.999 USD","Male",43,"110.000-129.999 USD",1,8,0.217710390050103
2,5,"5","30.000-34.999 USD","Female",34,"60.000-74.999 USD",1,5,0.763420682254721
3,2,"5","3.000-3.999 USD","Male",20,"75.000-89.999 USD",1,5,-2.05113519106794
2,7,"2","Under 1.000 USD per year, before taxes","Female",33,"60.000-74.999 USD",1,2,2.49457510113668
2,8,"2","40.000-49.999 USD","Male",29,"40.000-49.999 USD",0,2,4.70249084735992
4,9,"3","40.000-49.999 USD","Female",47,"40.000-49.999 USD",0,3,6.16299429442062
4,3,"2","50.000-59.999 USD","Male",26,"50.000-59.999 USD",1,2,-1.13453664550863
3,7,"5","50.000-59.999 USD","Female",58,"150.000 USD or more per year, before taxes",1,5,2.94886480893207
1,2,"8","90.000-109.999 USD","Female",51,"90.000-109.999 USD",1,8,-2.15317786330458
3,3,"8","150.000 USD or more per year, before taxes","Male",40,"150.000 USD or more per year, before taxes",1,8,-0.782289609949897
4,4,"5","1.000-2.999 USD","Male",76,"3.000-3.999 USD",0,5,1.34222468183265
1,8,"5","50.000-59.999 USD","Female",47,"90.000-109.999 USD",1,5,3.57797655557738
3,4,"7","75.000-89.999 USD","Male",32,"110.000-129.999 USD",1,7,0.12809519634409
3,2,"5","No income","Male",23,"50.000-59.999 USD",1,5,-2.05113519106794
4,0,"5","50.000-59.999 USD","Male",36,"50.000-59.999 USD",1,5,-3.86569106439059
3,5,"3","10.000-12499 USD","Female",37,"20.000-22.499 USD",0,3,1.97755016774328
2,6,"4","No income","Female",76,"50.000-59.999 USD",1,4,1.67380548854871
4,7,"6","75.000-89.999 USD","Male",31,"90.000-109.999 USD",1,6,3.22392412931542
4,3,"5","50.000-59.999 USD","Male",36,"110.000-129.999 USD",1,5,-0.865691064390592
4,5,"7","No income","Male",78,"25.000-29.999 USD",0,7,2.52145506924467
1,2,"10, Right","No income","Female",72,"20.000-22.499 USD",0,10,-0.766031729669319
2,4,"7","35.000-39.999 USD","Female",41,"150.000 USD or more per year, before taxes",1,7,-0.0573489303332529
4,0,"10, Right","No income","Female",26,"Under 1.000 USD per year, before taxes",0,10,-2.20969934963729
1,4,"5","30.000-34.999 USD","Female",61,"50.000-59.999 USD",1,5,-0.422023444422622
4,0,"5","No income","Female",89,"17.500-19.999 USD",0,5,-2.65777531816735
1,5,"5","20.000-22.499 USD","Female",34,"40.000-49.999 USD",0,5,1.78589230180062
1,4,"10, Right","12500-14.999 USD","Male",65,"30.000-34.999 USD",0,10,1.23396827033068
4,0,"7","40.000-49.999 USD","Male",44,"60.000-74.999 USD",1,7,-3.68646067697857
1,2,"3","No income","Female",29,"60.000-74.999 USD",1,3,-2.60125383183465
2,2,"7","15.000-17.499 USD","Female",53,"15.000-17.499 USD",0,7,-0.849433184110015
1,1,"8","No income","Male",69,"Under 1.000 USD per year, before taxes",0,8,-1.94526211708135
5,3,"5","No income","Female",78,"25.000-29.999 USD",0,5,0.52766880850999
3,4,"6","No income","Female",43,"10.000-12499 USD",0,6,1.24639574886132
2,6,"3","20.000-22.499 USD","Female",34,"50.000-59.999 USD",1,3,1.5841902948427
3,5,"5","10.000-12499 USD","Female",75,"60.000-74.999 USD",1,5,0.948864808932065
1,6,"10, Right","15.000-17.499 USD","Female",40,"75.000-89.999 USD",1,10,2.02605252410744
4,3,"5","No income","Male",53,"150.000 USD or more per year, before taxes",1,5,-0.865691064390592
3,3,"5","30.000-34.999 USD","Male",52,"30.000-34.999 USD",0,5,0.156780555155303
2,7,"2","No income","Male",50,"Under 1.000 USD per year, before taxes",0,2,3.70249084735992
1,7,"5","75.000-89.999 USD","Male",67,"75.000-89.999 USD",1,5,2.57797655557738
3,0,"2","30.000-34.999 USD","Female",71,"30.000-34.999 USD",0,2,-3.11206502596274
2,8,"2","60.000-74.999 USD","Male",66,"110.000-129.999 USD",1,2,3.49457510113668
2,4,"5","No income","Male",25,"22.500-24.999 USD",0,5,0.97133642847796
4,5,"4","No income","Male",56,"12500-14.999 USD",0,4,2.25260948812663
1,2,"5","35.000-39.999 USD","Male",57,"40.000-49.999 USD",0,5,-1.21410769819938
2,6,"4","60.000-74.999 USD","Female",64,"150.000 USD or more per year, before taxes",1,4,1.67380548854871
1,0,"5","No income","Female",46,"8.000-9.999 USD",0,5,-3.21410769819938
3,4,"2","30.000-34.999 USD","Male",32,"30.000-34.999 USD",0,2,0.887934974037264
3,0,"2","No income","Female",55,"10.000-12499 USD",0,2,-3.11206502596274
4,1,"6","4.000-4.999 USD","Male",46,"10.000-12499 USD",0,6,-1.56816012446134
4,8,"3","35.000-39.999 USD","Male",36,"40.000-49.999 USD",0,3,5.16299429442062
2,2,"5","No income","Male",27,"30.000-34.999 USD",0,5,-1.02866357152204
3,2,"5","No income","Female",29,"1.000-2.999 USD",0,5,-0.843219444844697
2,9,"1","15.000-17.499 USD","Female",25,"50.000-59.999 USD",1,1,4.40495990743067
3,6,"4","No income","Female",67,"75.000-89.999 USD",1,4,1.85924961522605
2,1,"10, Right","No income","Male",50,"15.000-17.499 USD",0,10,-1.58058760299198
4,2,"7","25.000-29.999 USD","Female",37,"60.000-74.999 USD",1,7,-1.68646067697857
3,3,"6","22.500-24.999 USD","Female",34,"50.000-59.999 USD",1,6,-0.961519997361922
3,0,"5","No income","Female",80,"15.000-17.499 USD",0,5,-2.8432194448447
1,0,"5","No income","Male",67,"22.500-24.999 USD",0,5,-3.21410769819938
1,6,"10, Right","No income","Male",80,"35.000-39.999 USD",0,10,3.23396827033068
2,5,"1","40.000-49.999 USD","Female",41,"90.000-109.999 USD",1,1,0.40495990743067
2,0,"4","10.000-12499 USD","Male",30,"12500-14.999 USD",0,4,-3.11827876522805
4,1,"5","No income","Female",59,"8.000-9.999 USD",0,5,-1.65777531816735
2,8,"2","No income","Female",51,"10.000-12499 USD",0,2,4.70249084735992
3,2,"5","12500-14.999 USD","Female",66,"50.000-59.999 USD",1,5,-2.05113519106794
2,1,"6","50.000-59.999 USD","Male",55,"90.000-109.999 USD",1,6,-3.14696412403927
1,1,"2","110.000-129.999 USD","Male",62,"150.000 USD or more per year, before taxes",1,2,-3.69086902554066
1,3,"4","17.500-19.999 USD","Female",50,"90.000-109.999 USD",1,4,-1.51163863812863
1,2,"5","10.000-12499 USD","Male",26,"25.000-29.999 USD",0,5,-1.21410769819938
3,4,"5","No income","Female",74,"30.000-34.999 USD",0,5,1.1567805551553
3,3,"5","50.000-59.999 USD","Male",60,"50.000-59.999 USD",1,5,-1.05113519106794
2,6,"3","No income","Female",41,"90.000-109.999 USD",1,3,1.5841902948427
2,9,"8","60.000-74.999 USD","Male",39,"60.000-74.999 USD",1,8,5.03226626337276
2,4,"5","No income","Female",59,"150.000 USD or more per year, before taxes",1,5,-0.236579317745279
3,3,"8","No income","Male",77,"35.000-39.999 USD",0,8,0.425626136273342
3,5,"3","No income","Male",34,"75.000-89.999 USD",1,3,0.769634421520039
1,1,"2","22.500-24.999 USD","Male",59,"22.500-24.999 USD",0,2,-2.48295327931742
1,6,"7","No income","Female",72,"30.000-34.999 USD",0,7,2.96512268921264
4,7,"0, Left","40.000-49.999 USD","Female",50,"110.000-129.999 USD",1,0,2.68623296707934
3,0,"5","3.000-3.999 USD","Female",33,"4.000-4.999 USD",0,5,-2.8432194448447
3,3,"5","10.000-12499 USD","Male",66,"25.000-29.999 USD",0,5,0.156780555155303
3,5,"7","60.000-74.999 USD","Male",41,"75.000-89.999 USD",1,7,1.12809519634409
2,2,"6","3.000-3.999 USD","Female",63,"35.000-39.999 USD",0,6,-0.939048377816027
2,3,"3","30.000-34.999 USD","Female",33,"90.000-109.999 USD",1,3,-1.4158097051573
2,0,"4","15.000-17.499 USD","Female",36,"17.500-19.999 USD",0,4,-3.11827876522805
4,8,"0, Left","22.500-24.999 USD","Female",83,"22.500-24.999 USD",0,0,4.89414871330258
4,0,"6","3.000-3.999 USD","Female",46,"20.000-22.499 USD",0,6,-2.56816012446134
3,8,"5","50.000-59.999 USD","Male",51,"75.000-89.999 USD",1,5,3.94886480893206
1,5,"10, Right","35.000-39.999 USD","Female",35,"75.000-89.999 USD",1,10,1.02605252410744
1,4,"10, Right","10.000-12499 USD","Male",62,"10.000-12499 USD",0,10,1.23396827033068
2,5,"6","130.000-149.999 USD","Male",37,"130.000-149.999 USD",1,6,0.853035875960734
2,1,"4","No income","Male",58,"25.000-29.999 USD",0,4,-2.11827876522805
5,1,"5","No income","Female",56,"Under 1.000 USD per year, before taxes",0,5,-1.47233119149001
1,0,"1","20.000-22.499 USD","Male",44,"20.000-22.499 USD",0,1,-3.57256847302344
1,1,"7","No income","Male",71,"30.000-34.999 USD",0,7,-2.03487731078736
2,3,"5","No income","Male",86,"75.000-89.999 USD",1,5,-1.23657931774528
2,2,"7","50.000-59.999 USD","Male",32,"50.000-59.999 USD",1,7,-2.05734893033325
3,1,"6","No income","Female",61,"15.000-17.499 USD",0,6,-1.75360425113868
5,5,"10, Right","30.000-34.999 USD","Male",45,"35.000-39.999 USD",0,10,2.97574477704005
3,4,"4","50.000-59.999 USD","Female",36,"90.000-109.999 USD",1,4,-0.140750384773948
4,3,"4","60.000-74.999 USD","Male",50,"60.000-74.999 USD",1,4,-0.955306258096605
2,5,"4","60.000-74.999 USD","Female",59,"90.000-109.999 USD",1,4,0.673805488548708
2,2,"5","No income","Male",28,"60.000-74.999 USD",1,5,-2.23657931774528
3,2,"4","12500-14.999 USD","Female",65,"60.000-74.999 USD",1,4,-2.14075038477395
1,4,"8","40.000-49.999 USD","Male",52,"60.000-74.999 USD",1,8,-0.153177863304583
1,2,"5","No income","Female",68,"15.000-17.499 USD",0,5,-1.21410769819938
1,5,"8","No income","Male",70,"25.000-29.999 USD",0,8,2.05473788291865
1,8,"6","No income","Female",66,"75.000-89.999 USD",1,6,3.66759174928339
3,0,"5","No income","Male",33,"10.000-12499 USD",0,5,-2.8432194448447
1,0,"3","No income","Male",74,"10.000-12499 USD",0,3,-3.39333808561141
2,1,"6","No income","Female",65,"10.000-12499 USD",0,6,-1.93904837781603
5,0,"5","No income","Female",84,"35.000-39.999 USD",0,5,-2.47233119149001
1,2,"5","10.000-12499 USD","Female",73,"22.500-24.999 USD",0,5,-1.21410769819938
2,2,"5","7.000-7.999 USD","Female",22,"110.000-129.999 USD",1,5,-2.23657931774528
2,1,"6","No income","Female",37,"50.000-59.999 USD",1,6,-3.14696412403927
2,3,"8","20.000-22.499 USD","Female",46,"25.000-29.999 USD",0,8,0.240182009595998
4,2,"5","8.000-9.999 USD","Female",37,"8.000-9.999 USD",0,5,-0.657775318167354
2,3,"5","35.000-39.999 USD","Female",30,"90.000-109.999 USD",1,5,-1.23657931774528
3,3,"8","35.000-39.999 USD","Female",41,"40.000-49.999 USD",0,8,0.425626136273342
1,7,"7","30.000-34.999 USD","Male",72,"60.000-74.999 USD",1,7,2.7572069429894
4,7,"8","No income","Female",49,"60.000-74.999 USD",1,8,3.40315451672745
1,2,"5","No income","Female",72,"12500-14.999 USD",0,5,-1.21410769819938
2,5,"5","30.000-34.999 USD","Female",29,"60.000-74.999 USD",1,5,0.763420682254721
3,4,"8","No income","Female",72,"90.000-109.999 USD",1,8,0.217710390050103
4,7,"4","No income","Male",71,"150.000 USD or more per year, before taxes",1,4,3.0446937419034
5,1,"5","No income","Female",25,"50.000-59.999 USD",1,5,-2.68024693771325
2,3,"5","No income","Female",79,"60.000-74.999 USD",1,5,-1.23657931774528
2,3,"5","No income","Male",76,"35.000-39.999 USD",0,5,-0.0286635715220402
4,0,"0, Left","No income","Female",53,"25.000-29.999 USD",0,0,-3.10585128669742
1,2,"5","22.500-24.999 USD","Male",56,"22.500-24.999 USD",0,5,-1.21410769819938
2,7,"6","25.000-29.999 USD","Female",69,"110.000-129.999 USD",1,6,2.85303587596073
2,4,"4","90.000-109.999 USD","Male",59,"110.000-129.999 USD",1,4,-0.326194511451292
2,2,"5","No income","Male",65,"40.000-49.999 USD",0,5,-1.02866357152204
4,1,"5","20.000-22.499 USD","Male",35,"60.000-74.999 USD",1,5,-2.86569106439059
2,2,"5","Don't know","Female",41,"20.000-22.499 USD",0,5,-1.02866357152204
2,3,"5","No income","Female",69,"12500-14.999 USD",0,5,-0.0286635715220402
2,6,"7","No income","Male",68,"30.000-34.999 USD",0,7,3.15056681588999
2,4,"10, Right","No income","Female",45,"60.000-74.999 USD",1,10,0.211496650784786
3,2,"5","10.000-12499 USD","Female",52,"12500-14.999 USD",0,5,-0.843219444844697
3,2,"7","No income","Female",88,"10.000-12499 USD",0,7,-0.663989057432671
4,2,"7","No income","Female",49,"3.000-3.999 USD",0,7,-0.478544930755328
4,6,"7","40.000-49.999 USD","Female",69,"90.000-109.999 USD",1,7,2.31353932302143
2,1,"5","60.000-74.999 USD","Male",64,"90.000-109.999 USD",1,5,-3.23657931774528
2,4,"7","5.000-5.999 USD","Female",43,"7.000-7.999 USD",0,7,1.15056681588999
2,5,"5","150.000 USD or more per year, before taxes","Male",64,"150.000 USD or more per year, before taxes",1,5,0.763420682254721
2,4,"5","50.000-59.999 USD","Female",41,"50.000-59.999 USD",1,5,-0.236579317745279
4,1,"8","10.000-12499 USD","Female",22,"10.000-12499 USD",0,8,-1.38892973704931
1,2,"6","50.000-59.999 USD","Female",30,"50.000-59.999 USD",1,6,-2.33240825071661
4,1,"5","No income","Male",20,"130.000-149.999 USD",1,5,-2.86569106439059
2,3,"10, Right","No income","Female",87,"40.000-49.999 USD",0,10,0.419412397008024
4,1,"5","No income","Female",58,"12500-14.999 USD",0,5,-1.65777531816735
2,8,"0, Left","No income","Male",67,"40.000-49.999 USD",0,0,4.5232604599479
1,1,"4","Don't know","Female",68,"20.000-22.499 USD",0,4,-2.3037228919054
2,4,"10, Right","15.000-17.499 USD","Male",46,"22.500-24.999 USD",0,10,1.41941239700802
1,2,"5","No income","Female",22,"25.000-29.999 USD",0,5,-1.21410769819938
5,1,"10, Right","Under 1.000 USD per year, before taxes","Male",32,"Under 1.000 USD per year, before taxes",0,10,-1.02425522295995
2,3,"6","75.000-89.999 USD","Male",34,"150.000 USD or more per year, before taxes",1,6,-1.14696412403927
4,5,"8","No income","Female",75,"12500-14.999 USD",0,8,2.61107026295069
4,2,"5","12500-14.999 USD","Male",30,"25.000-29.999 USD",0,5,-0.657775318167354
3,3,"8","22.500-24.999 USD","Female",28,"30.000-34.999 USD",0,8,0.425626136273342
1,2,"5","40.000-49.999 USD","Female",42,"75.000-89.999 USD",1,5,-2.42202344442262
1,4,"10, Right","No income","Female",68,"25.000-29.999 USD",0,10,1.23396827033068
2,1,"4","No income","Female",67,"60.000-74.999 USD",1,4,-3.32619451145129
2,3,"5","60.000-74.999 USD","Male",64,"60.000-74.999 USD",1,5,-1.23657931774528
4,5,"4","150.000 USD or more per year, before taxes","Male",74,"150.000 USD or more per year, before taxes",1,4,1.0446937419034
1,8,"10, Right","110.000-129.999 USD","Male",44,"150.000 USD or more per year, before taxes",1,10,4.02605252410744
4,4,"8","No income","Female",51,"150.000 USD or more per year, before taxes",1,8,0.403154516727447
2,2,"5","No income","Female",78,"150.000 USD or more per year, before taxes",1,5,-2.23657931774528
2,3,"6","No income","Male",50,"15.000-17.499 USD",0,6,0.0609516221839728
2,8,"1","4.000-4.999 USD","Female",34,"4.000-4.999 USD",0,1,4.61287565365391
3,6,"4","110.000-129.999 USD","Male",66,"150.000 USD or more per year, before taxes",1,4,1.85924961522605
2,6,"8","17.500-19.999 USD","Female",56,"60.000-74.999 USD",1,8,2.03226626337276
3,1,"6","90.000-109.999 USD","Male",29,"90.000-109.999 USD",1,6,-2.96151999736192
3,4,"5","17.500-19.999 USD","Male",26,"35.000-39.999 USD",0,5,1.1567805551553
2,5,"7","No income","Female",60,"30.000-34.999 USD",0,7,2.15056681588999
3,6,"8","No income","Female",53,"15.000-17.499 USD",0,8,3.42562613627334
2,3,"5","No income","Female",80,"35.000-39.999 USD",0,5,-0.0286635715220402
3,7,"5","No income","Female",71,"20.000-22.499 USD",0,5,4.1567805551553
3,2,"5","50.000-59.999 USD","Female",26,"90.000-109.999 USD",1,5,-2.05113519106794
2,2,"5","50.000-59.999 USD","Female",56,"110.000-129.999 USD",1,5,-2.23657931774528
1,0,"4","No income","Female",45,"17.500-19.999 USD",0,4,-3.3037228919054
4,8,"8","No income","Male",65,"110.000-129.999 USD",1,8,4.40315451672745
3,1,"5","3.000-3.999 USD","Male",23,"50.000-59.999 USD",1,5,-3.05113519106793
2,1,"5","35.000-39.999 USD","Male",40,"75.000-89.999 USD",1,5,-3.23657931774528
2,7,"2","12500-14.999 USD","Female",61,"60.000-74.999 USD",1,2,2.49457510113668
3,3,"5","No income","Female",80,"30.000-34.999 USD",0,5,0.156780555155303
2,9,"5","30.000-34.999 USD","Female",54,"60.000-74.999 USD",1,5,4.76342068225472
3,9,"2","No income","Female",50,"150.000 USD or more per year, before taxes",1,2,4.68001922781403
2,3,"7","75.000-89.999 USD","Male",41,"110.000-129.999 USD",1,7,-1.05734893033325
1,6,"5","12500-14.999 USD","Female",33,"110.000-129.999 USD",1,5,1.57797655557738
3,4,"5","40.000-49.999 USD","Male",63,"50.000-59.999 USD",1,5,-0.0511351910679353
3,1,"5","No income","Female",73,"50.000-59.999 USD",1,5,-3.05113519106793
1,3,"5","No income","Male",64,"50.000-59.999 USD",1,5,-1.42202344442262
3,3,"5","50.000-59.999 USD","Female",77,"90.000-109.999 USD",1,5,-1.05113519106794
1,3,"5","20.000-22.499 USD","Female",74,"40.000-49.999 USD",0,5,-0.214107698199384
4,7,"7","30.000-34.999 USD","Female",33,"150.000 USD or more per year, before taxes",1,7,3.31353932302143
2,3,"5","17.500-19.999 USD","Female",36,"50.000-59.999 USD",1,5,-1.23657931774528
2,2,"10, Right","No income","Female",43,"22.500-24.999 USD",0,10,-0.580587602991976
1,1,"5","No income","Male",62,"17.500-19.999 USD",0,5,-2.21410769819938
3,1,"4","15.000-17.499 USD","Male",42,"15.000-17.499 USD",0,4,-1.93283463855071
2,8,"8","No income","Male",57,"90.000-109.999 USD",1,8,4.03226626337276
1,9,"10, Right","150.000 USD or more per year, before taxes","Male",56,"150.000 USD or more per year, before taxes",1,10,5.02605252410744
3,3,"5","130.000-149.999 USD","Male",47,"130.000-149.999 USD",1,5,-1.05113519106794
4,7,"10, Right","5.000-5.999 USD","Female",20,"150.000 USD or more per year, before taxes",1,10,3.58238490413947
5,0,"7","No income","Male",31,"60.000-74.999 USD",1,7,-3.50101655030122
1,4,"3","30.000-34.999 USD","Female",44,"30.000-34.999 USD",0,3,0.606661914388591
3,7,"2","35.000-39.999 USD","Female",29,"35.000-39.999 USD",0,2,3.88793497403726
3,1,"5","5.000-5.999 USD","Female",72,"60.000-74.999 USD",1,5,-3.05113519106793
2,0,"5","3.000-3.999 USD","Male",27,"12500-14.999 USD",0,5,-3.02866357152204
3,0,"7","40.000-49.999 USD","Female",56,"90.000-109.999 USD",1,7,-3.87190480365591
3,2,"5","15.000-17.499 USD","Female",44,"40.000-49.999 USD",0,5,-0.843219444844697
4,2,"5","No income","Female",67,"30.000-34.999 USD",0,5,-0.657775318167354
2,7,"5","No income","Female",58,"150.000 USD or more per year, before taxes",1,5,2.76342068225472
4,4,"7","30.000-34.999 USD","Male",53,"130.000-149.999 USD",1,7,0.313539323021434
1,8,"1","22.500-24.999 USD","Male",39,"75.000-89.999 USD",1,1,3.21951578075333
2,6,"5","No income","Male",73,"1.000-2.999 USD",0,5,2.97133642847796
1,2,"8","12500-14.999 USD","Male",67,"25.000-29.999 USD",0,8,-0.945262117081345
1,4,"10, Right","No income","Male",78,"22.500-24.999 USD",0,10,1.23396827033068
2,3,"10, Right","No income","Female",55,"150.000 USD or more per year, before taxes",1,10,-0.788503349215214
1,8,"4","40.000-49.999 USD","Female",57,"40.000-49.999 USD",0,4,4.6962771080946
3,3,"5","No income","Female",88,"15.000-17.499 USD",0,5,0.156780555155303
1,3,"8","No income","Female",40,"110.000-129.999 USD",1,8,-1.15317786330458
2,3,"10, Right","40.000-49.999 USD","Female",39,"90.000-109.999 USD",1,10,-0.788503349215214
3,3,"7","60.000-74.999 USD","Female",41,"60.000-74.999 USD",1,7,-0.871904803655909
2,2,"5","90.000-109.999 USD","Male",57,"110.000-129.999 USD",1,5,-2.23657931774528
2,2,"5","25.000-29.999 USD","Female",41,"75.000-89.999 USD",1,5,-2.23657931774528
3,0,"5","35.000-39.999 USD","Male",37,"35.000-39.999 USD",0,5,-2.8432194448447
4,7,"5","1.000-2.999 USD","Female",39,"60.000-74.999 USD",1,5,3.13430893560941
3,0,"5","No income","Male",54,"8.000-9.999 USD",0,5,-2.8432194448447
1,9,"8","60.000-74.999 USD","Male",39,"60.000-74.999 USD",1,8,4.84682213669542
2,6,"9","No income","Female",84,"30.000-34.999 USD",0,9,3.32979720330201
1,6,"5","50.000-59.999 USD","Male",43,"75.000-89.999 USD",1,5,1.57797655557738
2,6,"2","90.000-109.999 USD","Female",58,"150.000 USD or more per year, before taxes",1,2,1.49457510113668
3,1,"4","No income","Male",89,"20.000-22.499 USD",0,4,-1.93283463855071
4,3,"5","5.000-5.999 USD","Female",66,"22.500-24.999 USD",0,5,0.342224681832647
2,1,"3","40.000-49.999 USD","Female",44,"110.000-129.999 USD",1,3,-3.4158097051573
4,5,"10, Right","35.000-39.999 USD","Male",27,"35.000-39.999 USD",0,10,2.79030065036271
4,2,"5","No income","Male",85,"40.000-49.999 USD",0,5,-0.657775318167354
2,2,"4","20.000-22.499 USD","Female",65,"20.000-22.499 USD",0,4,-1.11827876522805
2,3,"7","8.000-9.999 USD","Male",55,"8.000-9.999 USD",0,7,0.150566815889986
2,3,"4","No income","Male",53,"75.000-89.999 USD",1,4,-1.32619451145129
1,1,"0, Left","8.000-9.999 USD","Male",29,"40.000-49.999 USD",0,0,-2.66218366672945
3,2,"7","40.000-49.999 USD","Male",33,"90.000-109.999 USD",1,7,-1.87190480365591
2,6,"8","110.000-129.999 USD","Male",56,"110.000-129.999 USD",1,8,2.03226626337276
4,4,"8","No income","Female",76,"50.000-59.999 USD",1,8,0.403154516727447
1,1,"10, Right","No income","Female",74,"75.000-89.999 USD",1,10,-2.97394747589256
3,3,"10, Right","40.000-49.999 USD","Male",67,"75.000-89.999 USD",1,10,-0.603059222537871
4,8,"5","60.000-74.999 USD","Female",59,"150.000 USD or more per year, before taxes",1,5,4.13430893560941
4,6,"9","No income","Male",61,"30.000-34.999 USD",0,9,3.7006854566567
3,3,"5","No income","Female",71,"40.000-49.999 USD",0,5,0.156780555155303
3,3,"6","40.000-49.999 USD","Female",38,"75.000-89.999 USD",1,6,-0.961519997361922
4,6,"7","15.000-17.499 USD","Male",26,"60.000-74.999 USD",1,7,2.31353932302143
2,7,"10, Right","20.000-22.499 USD","Female",52,"50.000-59.999 USD",1,10,3.21149665078479
2,2,"5","90.000-109.999 USD","Female",44,"150.000 USD or more per year, before taxes",1,5,-2.23657931774528
3,1,"0, Left","No income","Female",67,"15.000-17.499 USD",0,0,-2.29129541337476
1,6,"6","15.000-17.499 USD","Female",63,"15.000-17.499 USD",0,6,2.87550749550663
5,1,"5","35.000-39.999 USD","Female",29,"35.000-39.999 USD",0,5,-1.47233119149001
2,0,"10, Right","4.000-4.999 USD","Male",20,"75.000-89.999 USD",1,10,-3.78850334921521
3,2,"5","No income","Male",27,"10.000-12499 USD",0,5,-0.843219444844697
4,2,"5","No income","Female",53,"15.000-17.499 USD",0,5,-0.657775318167354
4,1,"5","20.000-22.499 USD","Female",67,"60.000-74.999 USD",1,5,-2.86569106439059
3,1,"5","3.000-3.999 USD","Female",19,"110.000-129.999 USD",1,5,-3.05113519106793
2,2,"5","12500-14.999 USD","Male",75,"17.500-19.999 USD",0,5,-1.02866357152204
2,8,"4","No income","Female",70,"35.000-39.999 USD",0,4,4.88172123477195
4,1,"5","No income","Male",80,"20.000-22.499 USD",0,5,-1.65777531816735
4,2,"5","30.000-34.999 USD","Female",54,"30.000-34.999 USD",0,5,-0.657775318167354
1,1,"5","90.000-109.999 USD","Male",54,"110.000-129.999 USD",1,5,-3.42202344442262
1,0,"4","75.000-89.999 USD","Male",43,"75.000-89.999 USD",1,4,-4.51163863812863
3,2,"5","5.000-5.999 USD","Female",35,"40.000-49.999 USD",0,5,-0.843219444844697
4,2,"5","50.000-59.999 USD","Male",51,"110.000-129.999 USD",1,5,-1.86569106439059
3,2,"4","No income","Female",30,"22.500-24.999 USD",0,4,-0.93283463855071
3,0,"5","No income","Female",70,"Under 1.000 USD per year, before taxes",0,5,-2.8432194448447
2,3,"9","No income","Female",89,"3.000-3.999 USD",0,9,0.329797203302012
2,5,"4","50.000-59.999 USD","Female",41,"50.000-59.999 USD",1,4,0.673805488548708
4,6,"6","No income","Female",46,"150.000 USD or more per year, before taxes",1,6,2.22392412931542
1,2,"3","No income","Female",19,"Under 1.000 USD per year, before taxes",0,3,-1.39333808561141
1,3,"10, Right","22.500-24.999 USD","Male",60,"22.500-24.999 USD",0,10,0.233968270330681
4,1,"3","No income","Female",34,"Under 1.000 USD per year, before taxes",0,3,-1.83700570557938
3,4,"3","No income","Female",24,"35.000-39.999 USD",0,3,0.977550167743277
5,1,"8","No income","Female",63,"1.000-2.999 USD",0,8,-1.20348561037197
2,7,"4","No income","Female",78,"50.000-59.999 USD",1,4,2.67380548854871
2,2,"8","No income","Male",39,"50.000-59.999 USD",1,8,-1.96773373662724
2,5,"3","40.000-49.999 USD","Female",43,"40.000-49.999 USD",0,3,1.79210604106593
3,5,"3","22.500-24.999 USD","Male",58,"22.500-24.999 USD",0,3,1.97755016774328
1,5,"5","15.000-17.499 USD","Male",24,"75.000-89.999 USD",1,5,0.577976555577378
4,5,"3","110.000-129.999 USD","Male",55,"130.000-149.999 USD",1,3,0.955078548197382
3,3,"5","35.000-39.999 USD","Male",26,"35.000-39.999 USD",0,5,0.156780555155303
2,1,"4","40.000-49.999 USD","Female",38,"40.000-49.999 USD",0,4,-2.11827876522805
2,2,"6","10.000-12499 USD","Female",61,"10.000-12499 USD",0,6,-0.939048377816027
2,3,"5","25.000-29.999 USD","Male",65,"25.000-29.999 USD",0,5,-0.0286635715220402
2,2,"1","40.000-49.999 USD","Male",48,"40.000-49.999 USD",0,1,-1.38712434634609
1,6,"5","60.000-74.999 USD","Male",32,"60.000-74.999 USD",1,5,1.57797655557738
1,1,"6","25.000-29.999 USD","Male",48,"25.000-29.999 USD",0,6,-2.12449250449337
1,3,"3","25.000-29.999 USD","Female",25,"60.000-74.999 USD",1,3,-1.60125383183465
1,2,"9","No income","Male",77,"60.000-74.999 USD",1,9,-2.06356266959857
2,4,"5","No income","Male",29,"12500-14.999 USD",0,5,0.97133642847796
4,3,"5","35.000-39.999 USD","Female",64,"60.000-74.999 USD",1,5,-0.865691064390592
2,3,"5","1.000-2.999 USD","Female",23,"1.000-2.999 USD",0,5,-0.0286635715220402
3,2,"5","25.000-29.999 USD","Female",67,"25.000-29.999 USD",0,5,-0.843219444844697
4,3,"6","No income","Male",22,"5.000-5.999 USD",0,6,0.431839875538659
2,2,"4","No income","Female",30,"7.000-7.999 USD",0,4,-1.11827876522805
3,0,"0, Left","20.000-22.499 USD","Male",39,"20.000-22.499 USD",0,0,-3.29129541337476
5,1,"1","No income","Female",86,"22.500-24.999 USD",0,1,-1.83079196631406
3,0,"5","No income","Female",89,"15.000-17.499 USD",0,5,-2.8432194448447
4,8,"9","22.500-24.999 USD","Female",35,"60.000-74.999 USD",1,9,4.49276971043346
2,7,"0, Left","7.000-7.999 USD","Male",26,"7.000-7.999 USD",0,0,3.5232604599479
4,1,"5","No income","Female",37,"1.000-2.999 USD",0,5,-1.65777531816735
3,5,"5","No income","Male",67,"10.000-12499 USD",0,5,2.1567805551553
3,0,"5","22.500-24.999 USD","Female",53,"22.500-24.999 USD",0,5,-2.8432194448447
1,1,"5","6.000-6.999 USD","Female",30,"75.000-89.999 USD",1,5,-3.42202344442262
2,2,"5","No income","Female",57,"30.000-34.999 USD",0,5,-1.02866357152204
4,3,"3","No income","Female",83,"22.500-24.999 USD",0,3,0.162994294420621
3,5,"5","No income","Female",68,"12500-14.999 USD",0,5,2.1567805551553
2,6,"4","75.000-89.999 USD","Male",45,"90.000-109.999 USD",1,4,1.67380548854871
4,5,"3","No income","Male",54,"35.000-39.999 USD",0,3,2.16299429442062
2,5,"6","8.000-9.999 USD","Female",30,"22.500-24.999 USD",0,6,2.06095162218397
1,7,"5","No income","Female",88,"35.000-39.999 USD",0,5,3.78589230180062
1,6,"7","50.000-59.999 USD","Male",54,"50.000-59.999 USD",1,7,1.7572069429894
2,1,"6","No income","Female",43,"110.000-129.999 USD",1,6,-3.14696412403927
2,9,"2","75.000-89.999 USD","Male",52,"90.000-109.999 USD",1,2,4.49457510113668
4,3,"5","15.000-17.499 USD","Male",48,"30.000-34.999 USD",0,5,0.342224681832647
2,5,"5","150.000 USD or more per year, before taxes","Female",62,"150.000 USD or more per year, before taxes",1,5,0.763420682254721
4,3,"6","5.000-5.999 USD","Female",31,"90.000-109.999 USD",1,6,-0.776075870684579
3,4,"8","50.000-59.999 USD","Female",39,"90.000-109.999 USD",1,8,0.217710390050103
2,7,"8","No income","Male",88,"40.000-49.999 USD",0,8,4.240182009596
4,6,"2","75.000-89.999 USD","Male",36,"75.000-89.999 USD",1,2,1.86546335449137
2,4,"5","150.000 USD or more per year, before taxes","Male",65,"150.000 USD or more per year, before taxes",1,5,-0.236579317745279
4,7,"6","22.500-24.999 USD","Female",33,"40.000-49.999 USD",0,6,4.43183987553866
1,1,"7","12500-14.999 USD","Male",24,"12500-14.999 USD",0,7,-2.03487731078736
2,3,"4","4.000-4.999 USD","Female",20,"4.000-4.999 USD",0,4,-0.118278765228053
2,1,"5","No income","Male",79,"15.000-17.499 USD",0,5,-2.02866357152204
2,8,"5","40.000-49.999 USD","Female",72,"40.000-49.999 USD",0,5,4.97133642847796
1,8,"0, Left","50.000-59.999 USD","Male",47,"50.000-59.999 USD",1,0,3.12990058704731
2,3,"4","25.000-29.999 USD","Male",39,"25.000-29.999 USD",0,4,-0.118278765228053
4,9,"0, Left","10.000-12499 USD","Male",29,"40.000-49.999 USD",0,0,5.89414871330258
1,4,"5","12500-14.999 USD","Male",26,"22.500-24.999 USD",0,5,0.785892301800617
4,8,"5","40.000-49.999 USD","Male",32,"75.000-89.999 USD",1,5,4.13430893560941
4,2,"5","35.000-39.999 USD","Male",32,"35.000-39.999 USD",0,5,-0.657775318167354
3,9,"3","75.000-89.999 USD","Male",55,"90.000-109.999 USD",1,3,4.76963442152004
2,7,"10, Right","No income","Male",59,"20.000-22.499 USD",0,10,4.41941239700803
2,3,"7","10.000-12499 USD","Female",63,"60.000-74.999 USD",1,7,-1.05734893033325
3,1,"5","75.000-89.999 USD","Male",53,"75.000-89.999 USD",1,5,-3.05113519106793
4,3,"7","Refused","Male",54,"75.000-89.999 USD",1,7,-0.686460676978566
2,7,"8","No income","Female",71,"90.000-109.999 USD",1,8,3.03226626337276
2,4,"5","No income","Male",76,"40.000-49.999 USD",0,5,0.97133642847796
4,0,"5","No income","Male",32,"35.000-39.999 USD",0,5,-2.65777531816735
2,2,"5","No income","Female",26,"30.000-34.999 USD",0,5,-1.02866357152204
2,5,"5","110.000-129.999 USD","Female",34,"150.000 USD or more per year, before taxes",1,5,0.763420682254721
1,0,"5","3.000-3.999 USD","Female",35,"12500-14.999 USD",0,5,-3.21410769819938
4,0,"5","No income","Female",29,"40.000-49.999 USD",0,5,-2.65777531816735
3,2,"10, Right","40.000-49.999 USD","Male",28,"40.000-49.999 USD",0,10,-0.395143476314632
4,4,"5","No income","Female",36,"50.000-59.999 USD",1,5,0.134308935609408
2,3,"6","60.000-74.999 USD","Male",37,"60.000-74.999 USD",1,6,-1.14696412403927
2,8,"1","4.000-4.999 USD","Female",24,"35.000-39.999 USD",0,1,4.61287565365391
2,2,"5","No income","Male",21,"12500-14.999 USD",0,5,-1.02866357152204
1,4,"7","110.000-129.999 USD","Male",44,"110.000-129.999 USD",1,7,-0.242793057010596
2,2,"3","No income","Male",65,"40.000-49.999 USD",0,3,-1.20789395893407
3,2,"5","75.000-89.999 USD","Female",31,"110.000-129.999 USD",1,5,-2.05113519106794
1,9,"8","40.000-49.999 USD","Male",66,"50.000-59.999 USD",1,8,4.84682213669542
2,1,"5","15.000-17.499 USD","Female",49,"30.000-34.999 USD",0,5,-2.02866357152204
2,6,"8","No income","Female",64,"75.000-89.999 USD",1,8,2.03226626337276
2,1,"6","90.000-109.999 USD","Male",59,"90.000-109.999 USD",1,6,-3.14696412403927
3,5,"5","Under 1.000 USD per year, before taxes","Male",44,"75.000-89.999 USD",1,5,0.948864808932065
2,7,"6","No income","Male",64,"90.000-109.999 USD",1,6,2.85303587596073
3,8,"2","No income","Female",33,"75.000-89.999 USD",1,2,3.68001922781403
2,6,"9","40.000-49.999 USD","Female",58,"90.000-109.999 USD",1,9,2.12188145707877
1,2,"5","25.000-29.999 USD","Male",30,"40.000-49.999 USD",0,5,-1.21410769819938
3,2,"4","3.000-3.999 USD","Female",46,"3.000-3.999 USD",0,4,-0.93283463855071
1,2,"3","No income","Female",68,"20.000-22.499 USD",0,3,-1.39333808561141
2,5,"8","50.000-59.999 USD","Female",60,"110.000-129.999 USD",1,8,1.03226626337276
2,2,"5","No income","Female",29,"50.000-59.999 USD",1,5,-2.23657931774528
2,3,"5","20.000-22.499 USD","Female",47,"60.000-74.999 USD",1,5,-1.23657931774528
2,7,"5","No income","Male",58,"8.000-9.999 USD",0,5,3.97133642847796
3,5,"5","60.000-74.999 USD","Male",41,"90.000-109.999 USD",1,5,0.948864808932065
1,9,"7","40.000-49.999 USD","Male",62,"50.000-59.999 USD",1,7,4.7572069429894
4,3,"0, Left","22.500-24.999 USD","Male",40,"22.500-24.999 USD",0,0,-0.105851286697418
2,5,"4","Don't know","Female",65,"40.000-49.999 USD",0,4,1.88172123477195
1,6,"5","No income","Female",49,"5.000-5.999 USD",0,5,2.78589230180062
4,6,"5","8.000-9.999 USD","Female",59,"25.000-29.999 USD",0,5,3.34222468183265
2,3,"9","No income","Female",78,"15.000-17.499 USD",0,9,0.329797203302012
1,2,"5","30.000-34.999 USD","Female",41,"30.000-34.999 USD",0,5,-1.21410769819938
2,3,"6","60.000-74.999 USD","Male",62,"60.000-74.999 USD",1,6,-1.14696412403927
1,6,"6","90.000-109.999 USD","Male",39,"90.000-109.999 USD",1,6,1.66759174928339
2,2,"7","No income","Male",43,"8.000-9.999 USD",0,7,-0.849433184110015
1,3,"5","30.000-34.999 USD","Male",62,"30.000-34.999 USD",0,5,-0.214107698199384
3,2,"4","40.000-49.999 USD","Male",28,"40.000-49.999 USD",0,4,-0.93283463855071
3,2,"5","No income","Male",75,"20.000-22.499 USD",0,5,-0.843219444844697
3,7,"5","50.000-59.999 USD","Male",31,"50.000-59.999 USD",1,5,2.94886480893207
3,2,"5","25.000-29.999 USD","Male",23,"130.000-149.999 USD",1,5,-2.05113519106794
2,1,"5","No income","Female",34,"50.000-59.999 USD",1,5,-3.23657931774528
4,6,"8","No income","Female",63,"40.000-49.999 USD",0,8,3.61107026295069
2,4,"5","No income","Female",59,"12500-14.999 USD",0,5,0.97133642847796
2,4,"5","50.000-59.999 USD","Male",58,"110.000-129.999 USD",1,5,-0.236579317745279
5,3,"10, Right","1.000-2.999 USD","Male",31,"10.000-12499 USD",0,10,0.975744777040054
3,2,"5","12500-14.999 USD","Female",44,"110.000-129.999 USD",1,5,-2.05113519106794
2,5,"6","No income","Female",26,"110.000-129.999 USD",1,6,0.853035875960734
2,1,"6","35.000-39.999 USD","Female",24,"75.000-89.999 USD",1,6,-3.14696412403927
3,4,"5","No income","Female",51,"60.000-74.999 USD",1,5,-0.0511351910679353
2,7,"3","30.000-34.999 USD","Female",31,"30.000-34.999 USD",0,3,3.79210604106594
4,3,"8","35.000-39.999 USD","Female",54,"40.000-49.999 USD",0,8,0.611070262950685
2,3,"5","No income","Male",82,"30.000-34.999 USD",0,5,-0.0286635715220402
2,2,"5","130.000-149.999 USD","Male",49,"130.000-149.999 USD",1,5,-2.23657931774528
1,1,"7","12500-14.999 USD","Female",50,"12500-14.999 USD",0,7,-2.03487731078736
1,1,"4","15.000-17.499 USD","Female",21,"15.000-17.499 USD",0,4,-2.3037228919054
3,3,"5","22.500-24.999 USD","Male",60,"50.000-59.999 USD",1,5,-1.05113519106794
2,4,"7","No income","Male",44,"75.000-89.999 USD",1,7,-0.0573489303332529
2,2,"5","35.000-39.999 USD","Female",64,"35.000-39.999 USD",0,5,-1.02866357152204
3,3,"5","7.000-7.999 USD","Female",47,"75.000-89.999 USD",1,5,-1.05113519106794
4,6,"6","20.000-22.499 USD","Female",24,"20.000-22.499 USD",0,6,3.43183987553866
1,5,"5","75.000-89.999 USD","Male",49,"110.000-129.999 USD",1,5,0.577976555577378
3,3,"5","40.000-49.999 USD","Female",38,"50.000-59.999 USD",1,5,-1.05113519106794
3,9,"4","40.000-49.999 USD","Male",49,"60.000-74.999 USD",1,4,4.85924961522605
4,3,"7","Under 1.000 USD per year, before taxes","Female",38,"35.000-39.999 USD",0,7,0.521455069244672
3,2,"6","35.000-39.999 USD","Male",61,"40.000-49.999 USD",0,6,-0.753604251138684
1,3,"5","No income","Female",64,"35.000-39.999 USD",0,5,-0.214107698199384
3,5,"5","40.000-49.999 USD","Male",54,"75.000-89.999 USD",1,5,0.948864808932065
2,0,"6","25.000-29.999 USD","Male",24,"25.000-29.999 USD",0,6,-2.93904837781603
3,6,"6","35.000-39.999 USD","Male",55,"75.000-89.999 USD",1,6,2.03848000263808
1,2,"3","No income","Female",39,"75.000-89.999 USD",1,3,-2.60125383183465
1,6,"4","75.000-89.999 USD","Male",58,"90.000-109.999 USD",1,4,1.48836136187137
1,1,"4","No income","Male",26,"150.000 USD or more per year, before taxes",1,4,-3.51163863812863
3,7,"8","60.000-74.999 USD","Male",51,"60.000-74.999 USD",1,8,3.2177103900501
2,2,"10, Right","8.000-9.999 USD","Female",31,"40.000-49.999 USD",0,10,-0.580587602991976
2,2,"5","60.000-74.999 USD","Male",44,"60.000-74.999 USD",1,5,-2.23657931774528
2,0,"5","75.000-89.999 USD","Male",48,"75.000-89.999 USD",1,5,-4.23657931774528
3,2,"4","60.000-74.999 USD","Female",58,"75.000-89.999 USD",1,4,-2.14075038477395
3,5,"5","90.000-109.999 USD","Male",31,"150.000 USD or more per year, before taxes",1,5,0.948864808932065
1,0,"0, Left","No income","Male",53,"22.500-24.999 USD",0,0,-3.66218366672945
1,3,"5","50.000-59.999 USD","Female",45,"75.000-89.999 USD",1,5,-1.42202344442262
1,4,"5","No income","Male",81,"35.000-39.999 USD",0,5,0.785892301800617
4,1,"5","No income","Male",35,"30.000-34.999 USD",0,5,-1.65777531816735
1,3,"8","No income","Female",57,"20.000-22.499 USD",0,8,0.0547378829186551
3,0,"5","17.500-19.999 USD","Female",38,"17.500-19.999 USD",0,5,-2.8432194448447
3,2,"3","15.000-17.499 USD","Female",62,"15.000-17.499 USD",0,3,-1.02244983225672
5,3,"5","No income","Male",59,"40.000-49.999 USD",0,5,0.52766880850999
1,5,"5","5.000-5.999 USD","Female",62,"50.000-59.999 USD",1,5,0.577976555577378
4,1,"1","No income","Male",81,"20.000-22.499 USD",0,1,-2.0162360929914
2,4,"9","15.000-17.499 USD","Male",74,"25.000-29.999 USD",0,9,1.32979720330201
3,3,"5","40.000-49.999 USD","Male",40,"50.000-59.999 USD",1,5,-1.05113519106794
3,0,"5","1.000-2.999 USD","Male",24,"1.000-2.999 USD",0,5,-2.8432194448447
3,0,"5","12500-14.999 USD","Male",34,"15.000-17.499 USD",0,5,-2.8432194448447
4,7,"10, Right","No income","Female",65,"30.000-34.999 USD",0,10,4.79030065036271
4,7,"5","150.000 USD or more per year, before taxes","Female",38,"150.000 USD or more per year, before taxes",1,5,3.13430893560941
3,2,"4","25.000-29.999 USD","Female",37,"50.000-59.999 USD",1,4,-2.14075038477395
1,3,"10, Right","No income","Female",28,"22.500-24.999 USD",0,10,0.233968270330681
2,1,"2","25.000-29.999 USD","Female",55,"25.000-29.999 USD",0,2,-2.29750915264008
1,4,"8","22.500-24.999 USD","Female",53,"22.500-24.999 USD",0,8,1.05473788291866
1,3,"9","No income","Female",86,"25.000-29.999 USD",0,9,0.144353076624668
3,1,"5","No income","Female",46,"1.000-2.999 USD",0,5,-1.8432194448447
1,4,"4","No income","Male",29,"5.000-5.999 USD",0,4,0.696277108094604
2,1,"5","25.000-29.999 USD","Female",26,"25.000-29.999 USD",0,5,-2.02866357152204
1,2,"6","No income","Female",75,"22.500-24.999 USD",0,6,-1.12449250449337
3,2,"5","12500-14.999 USD","Female",46,"12500-14.999 USD",0,5,-0.843219444844697
1,1,"10, Right","No income","Female",77,"30.000-34.999 USD",0,10,-1.76603172966932
3,2,"5","No income","Female",37,"90.000-109.999 USD",1,5,-2.05113519106794
1,3,"3","No income","Female",67,"35.000-39.999 USD",0,3,-0.393338085611409
1,0,"5","20.000-22.499 USD","Male",43,"22.500-24.999 USD",0,5,-3.21410769819938
3,4,"5","No income","Female",58,"8.000-9.999 USD",0,5,1.1567805551553
5,3,"5","No income","Female",88,"10.000-12499 USD",0,5,0.52766880850999
2,2,"5","3.000-3.999 USD","Female",38,"8.000-9.999 USD",0,5,-1.02866357152204
2,2,"5","No income","Female",49,"50.000-59.999 USD",1,5,-2.23657931774528
4,0,"0, Left","No income","Female",54,"40.000-49.999 USD",0,0,-3.10585128669742
3,5,"5","17.500-19.999 USD","Female",34,"30.000-34.999 USD",0,5,2.1567805551553
2,0,"0, Left","No income","Female",36,"30.000-34.999 USD",0,0,-3.4767395400521
2,9,"2","50.000-59.999 USD","Male",65,"60.000-74.999 USD",1,2,4.49457510113668
3,8,"5","22.500-24.999 USD","Female",48,"75.000-89.999 USD",1,5,3.94886480893206
3,5,"7","10.000-12499 USD","Female",38,"50.000-59.999 USD",1,7,1.12809519634409
4,2,"5","40.000-49.999 USD","Male",49,"90.000-109.999 USD",1,5,-1.86569106439059
2,6,"3","No income","Male",82,"90.000-109.999 USD",1,3,1.5841902948427
2,3,"5","30.000-34.999 USD","Male",54,"30.000-34.999 USD",0,5,-0.0286635715220402
1,3,"6","1.000-2.999 USD","Male",40,"40.000-49.999 USD",0,6,-0.124492504493371
4,2,"5","No income","Female",89,"17.500-19.999 USD",0,5,-0.657775318167354
3,4,"3","10.000-12499 USD","Male",24,"40.000-49.999 USD",0,3,0.977550167743277
